Date,Time,1RSS(dB),2RSS(dB),RQly(%),RSNR(dB),ANT,RFMD,TPWR(mW),TRSS(dB),TQly(%),TSNR(dB),Rud,Ele,Thr,Ail,P1,P2,P3,SL1,SL2,SA,SB,SC,SD,SE,SF,SG,SH,LSW,CH1(us),CH2(us),CH3(us),CH4(us),CH5(us),CH6(us),CH7(us),CH8(us),CH9(us),CH10(us),CH11(us),CH12(us),CH13(us),CH14(us),CH15(us),CH16(us),CH17(us),CH18(us),CH19(us),CH20(us),CH21(us),CH22(us),CH23(us),CH24(us),CH25(us),CH26(us),CH27(us),CH28(us),CH29(us),CH30(us),CH31(us),CH32(us),TxBat(V)
2024-11-04,20:32:43.980,0,0,0,0,0,0,0,0,0,0,1,0,-362,1,1024,-1024,1024,1024,1024,-1,-1,-1,-1,1,-1,-1,-1,0x0000000000002050,1323,1500,1500,1500,2012,988,988,1500,988,1500,1500,1500,1500,1500,1500,1500,1500,1500,1500,1500,1500,1500,1500,1500,1500,1500,1500,1500,1500,1500,1500,1500,7.5
2024-11-04,20:32:43.990,0,0,0,0,0,0,0,0,0,0,0,1,-362,1,1024,-1024,1024,1024,1024,-1,-1,-1,-1,1,-1,-1,-1,0x0000000000002050,1323,1500,1500,1500,2012,988,988,1500,988,1500,1500,1500,1500,1500,1500,1500,1500,1500,1500,1500,1500,1500,1500,1500,1500,1500,1500,1500,1500,1500,1500,1500,7.5
2024-11-04,20:32:44.160,0,0,0,0,0,0,0,0,0,0,0,0,-362,2,1024,-1024,1024,1024,1024,-1,-1,-1,-1,1,-1,-1,-1,0x0000000000002050,1324,1501,1500,1500,2012,988,988,1500,988,1500,1500,1500,1500,1500,1500,1500,1500,1500,1500,1500,1500,1500,1500,1500,1500,1500,1500,1500,1500,1500,1500,1500,7.5
2024-11-04,20:32:44.360,0,0,0,0,0,0,0,0,0,0,-1,0,-362,0,1024,-1024,1024,1024,1024,-1,-1,-1,-1,1,-1,-1,-1,0x0000000000002050,1323,1500,1500,1500,2012,988,988,1500,988,1500,1500,1500,1500,1500,1500,1500,1500,1500,1500,1500,1500,1500,1500,1500,1500,1500,1500,1500,1500,1500,1500,1500,7.5
2024-11-04,20:32:44.560,0,0,0,0,0,0,0,0,0,0,0,0,-356,0,1024,-1024,1024,1024,1024,-1,-1,-1,-1,1,-1,-1,-1,0x0000000000002050,1326,1500,1500,1500,2012,988,988,1500,988,1500,1500,1500,1500,1500,1500,1500,1500,1500,1500,1500,1500,1500,1500,1500,1500,1500,1500,1500,1500,1500,1500,1500,7.5
2024-11-04,20:32:44.760,0,0,0,0,0,0,0,0,0,0,-1,0,-193,1,1024,-1024,1024,1024,1024,-1,-1,-1,-1,1,-1,-1,-1,0x0000000000002050,1406,1500,1500,1500,2012,988,988,1500,988,1500,1500,1500,1500,1500,1500,1500,1500,1500,1500,1500,1500,1500,1500,1500,1500,1500,1500,1500,1500,1500,1500,1500,7.5
2024-11-04,20:32:44.960,0,0,0,0,0,0,0,0,0,0,0,0,-96,2,1024,-1024,1024,1024,1024,-1,-1,-1,-1,1,-1,-1,-1,0x0000000000002050,1453,1501,1500,1500,2012,988,988,1500,988,1500,1500,1500,1500,1500,1500,1500,1500,1500,1500,1500,1500,1500,1500,1500,1500,1500,1500,1500,1500,1500,1500,1500,7.5
2024-11-04,20:32:45.160,0,0,0,0,0,0,0,0,0,0,0,0,-59,0,1024,-1024,1024,1024,1024,-1,-1,-1,-1,1,-1,-1,-1,0x0000000000002050,1471,1500,1500,1500,2012,988,988,1500,988,1500,1500,1500,1500,1500,1500,1500,1500,1500,1500,1500,1500,1500,1500,1500,1500,1500,1500,1500,1500,1500,1500,1500,7.5
2024-11-04,20:32:45.360,0,0,0,0,0,0,0,0,0,0,-1,0,-52,0,1024,-1024,1024,1024,1024,-1,-1,-1,-1,1,-1,-1,-1,0x0000000000002050,1475,1500,1500,1500,2012,988,988,1500,988,1500,1500,1500,1500,1500,1500,1500,1500,1500,1500,1500,1500,1500,1500,1500,1500,1500,1500,1500,1500,1500,1500,1500,7.5
2024-11-04,20:32:45.560,0,0,0,0,0,0,0,0,0,0,0,1,-31,1,1024,-1024,1024,1024,1024,-1,-1,-1,-1,1,-1,-1,-1,0x0000000000002050,1487,1500,1500,1500,2012,988,988,1500,988,1500,1500,1500,1500,1500,1500,1500,1500,1500,1500,1500,1500,1500,1500,1500,1500,1500,1500,1500,1500,1500,1500,1500,7.5
2024-11-04,20:32:45.760,0,0,0,0,0,0,0,0,0,0,-1,0,8,-1,1024,-1024,1024,1024,1024,-1,-1,-1,-1,1,-1,-1,-1,0x0000000000002050,1504,1500,1500,1500,2012,988,988,1500,988,1500,1500,1500,1500,1500,1500,1500,1500,1500,1500,1500,1500,1500,1500,1500,1500,1500,1500,1500,1500,1500,1500,1500,7.5
2024-11-04,20:32:45.960,0,0,0,0,0,0,0,0,0,0,-1,1,11,2,1024,-1024,1024,1024,1024,-1,-1,-1,-1,1,-1,-1,-1,0x0000000000002050,1505,1501,1500,1500,2012,988,988,1500,988,1500,1500,1500,1500,1500,1500,1500,1500,1500,1500,1500,1500,1500,1500,1500,1500,1500,1500,1500,1500,1500,1500,1500,7.5
2024-11-04,20:32:46.160,0,0,0,0,0,0,0,0,0,0,1,0,9,1,1024,-1024,1024,1024,1024,-1,-1,-1,-1,1,-1,-1,1,0x0000000000002050,1504,1500,1500,1500,2012,988,988,1500,988,1500,1500,1500,1500,1500,1500,1500,1500,1500,1500,1500,1500,1500,1500,1500,1500,1500,1500,1500,1500,1500,1500,1500,7.5
2024-11-04,20:32:46.360,0,0,0,0,0,0,0,0,0,0,-1,0,9,1,1024,-1024,1024,1024,1024,-1,-1,-1,-1,1,-1,-1,-1,0x0000000000002050,1504,1500,1500,1500,2012,988,988,1500,988,1500,1500,1500,1500,1500,1500,1500,1500,1500,1500,1500,1500,1500,1500,1500,1500,1500,1500,1500,1500,1500,1500,1500,7.5
2024-11-04,20:32:46.560,0,0,0,0,0,0,0,0,0,0,2,0,8,0,1024,-1024,1024,1024,1024,-1,-1,-1,-1,1,-1,-1,-1,0x0000000000002050,1504,1500,1500,1501,2012,988,988,1500,988,1500,1500,1500,1500,1500,1500,1500,1500,1500,1500,1500,1500,1500,1500,1500,1500,1500,1500,1500,1500,1500,1500,1500,7.5
2024-11-04,20:32:46.760,0,0,0,0,0,0,0,0,0,0,0,0,9,2,1024,-1024,1024,1024,1024,-1,-1,-1,-1,1,-1,-1,-1,0x0000000000002050,1504,1501,1500,1500,2012,988,988,1500,988,1500,1500,1500,1500,1500,1500,1500,1500,1500,1500,1500,1500,1500,1500,1500,1500,1500,1500,1500,1500,1500,1500,1500,7.5
2024-11-04,20:32:46.960,0,0,0,0,0,0,0,0,0,0,-1,1,1,0,1024,-1024,1024,1024,1024,-1,-1,-1,-1,1,-1,-1,-1,0x0000000000002050,1500,1500,1500,1500,2012,988,988,1500,988,1500,1500,1500,1500,1500,1500,1500,1500,1500,1500,1500,1500,1500,1500,1500,1500,1500,1500,1500,1500,1500,1500,1500,7.5
2024-11-04,20:32:47.160,0,0,0,0,0,0,0,0,0,0,0,0,-75,1,1024,-1024,1024,1024,1024,-1,-1,-1,-1,1,-1,-1,-1,0x0000000000002050,1463,1500,1500,1500,2012,988,988,1500,988,1500,1500,1500,1500,1500,1500,1500,1500,1500,1500,1500,1500,1500,1500,1500,1500,1500,1500,1500,1500,1500,1500,1500,7.5
2024-11-04,20:32:47.360,0,0,0,0,0,0,0,0,0,0,0,1,-137,1,1024,-1024,1024,1024,1024,-1,-1,-1,-1,1,-1,-1,-1,0x0000000000002050,1433,1500,1500,1500,2012,988,988,1500,988,1500,1500,1500,1500,1500,1500,1500,1500,1500,1500,1500,1500,1500,1500,1500,1500,1500,1500,1500,1500,1500,1500,1500,7.5
2024-11-04,20:32:47.560,0,0,0,0,0,0,0,0,0,0,-1,0,-136,0,1024,-1024,1024,1024,1024,-1,-1,-1,-1,1,-1,-1,-1,0x0000000000002050,1434,1500,1500,1500,2012,988,988,1500,988,1500,1500,1500,1500,1500,1500,1500,1500,1500,1500,1500,1500,1500,1500,1500,1500,1500,1500,1500,1500,1500,1500,1500,7.5
2024-11-04,20:32:47.760,0,0,0,0,0,0,0,0,0,0,1,0,-181,0,1024,-1024,1024,1024,1024,-1,-1,-1,-1,1,-1,-1,-1,0x0000000000002050,1412,1500,1500,1500,2012,988,988,1500,988,1500,1500,1500,1500,1500,1500,1500,1500,1500,1500,1500,1500,1500,1500,1500,1500,1500,1500,1500,1500,1500,1500,1500,7.5
2024-11-04,20:32:47.960,0,0,0,0,0,0,0,0,0,0,-1,-1,-229,1,1024,-1024,1024,1024,1024,-1,-1,-1,-1,1,-1,-1,-1,0x0000000000002050,1388,1500,1500,1500,2012,988,988,1500,988,1500,1500,1500,1500,1500,1500,1500,1500,1500,1500,1500,1500,1500,1500,1500,1500,1500,1500,1500,1500,1500,1500,1500,7.5
2024-11-04,20:32:48.160,0,0,0,0,0,0,0,0,0,0,1,0,-518,0,1024,-1024,1024,1024,1024,-1,-1,-1,-1,1,-1,-1,-1,0x0000000000002050,1246,1500,1500,1500,2012,988,988,1500,988,1500,1500,1500,1500,1500,1500,1500,1500,1500,1500,1500,1500,1500,1500,1500,1500,1500,1500,1500,1500,1500,1500,1500,7.5
2024-11-04,20:32:48.360,0,0,0,0,0,0,0,0,0,0,3,2,-890,0,1024,-1024,1024,1024,1024,-1,-1,-1,-1,1,-1,-1,-1,0x0000000000000050,1064,1500,1501,1501,2012,988,988,1500,988,1500,1500,1500,1500,1500,1500,1500,1500,1500,1500,1500,1500,1500,1500,1500,1500,1500,1500,1500,1500,1500,1500,1500,7.5
2024-11-04,20:32:48.560,0,0,0,0,0,0,0,0,0,0,1,0,-1024,1,1024,-1024,1024,1024,1024,-1,-1,-1,-1,1,-1,-1,-1,0x0000000000000040,998,1500,1500,1500,2012,988,988,1500,988,1500,1500,1500,1500,1500,1500,1500,1500,1500,1500,1500,1500,1500,1500,1500,1500,1500,1500,1500,1500,1500,1500,1500,7.5
2024-11-04,20:32:48.760,0,0,0,0,0,0,0,0,0,0,1,1,-1024,0,1024,-1024,1024,1024,1024,-1,-1,-1,-1,1,-1,-1,-1,0x0000000000000040,998,1500,1500,1500,2012,988,988,1500,988,1500,1500,1500,1500,1500,1500,1500,1500,1500,1500,1500,1500,1500,1500,1500,1500,1500,1500,1500,1500,1500,1500,1500,7.5
2024-11-04,20:32:48.960,0,0,0,0,0,0,0,0,0,0,2,1,-1024,0,1024,-1024,1024,1024,1024,-1,-1,-1,-1,1,-1,-1,-1,0x0000000000000040,998,1500,1500,1501,2012,988,988,1500,988,1500,1500,1500,1500,1500,1500,1500,1500,1500,1500,1500,1500,1500,1500,1500,1500,1500,1500,1500,1500,1500,1500,1500,7.5
2024-11-04,20:32:49.160,0,0,0,0,0,0,0,0,0,0,0,0,-1024,0,1024,-1024,1024,1024,1024,-1,-1,-1,-1,1,-1,-1,-1,0x0000000000000040,998,1500,1500,1500,2012,988,988,1500,988,1500,1500,1500,1500,1500,1500,1500,1500,1500,1500,1500,1500,1500,1500,1500,1500,1500,1500,1500,1500,1500,1500,1500,7.5
2024-11-04,20:32:49.360,0,0,0,0,0,0,0,0,0,0,0,-1,-434,1,1024,-1024,1024,1024,1024,-1,-1,-1,-1,1,-1,-1,-1,0x0000000000002050,1287,1500,1500,1500,2012,988,988,1500,988,1500,1500,1500,1500,1500,1500,1500,1500,1500,1500,1500,1500,1500,1500,1500,1500,1500,1500,1500,1500,1500,1500,1500,7.5
2024-11-04,20:32:49.560,0,0,0,0,0,0,0,0,0,0,-1,1,-295,1,1024,-1024,1024,1024,1024,-1,-1,-1,-1,1,-1,-1,-1,0x0000000000002050,1356,1500,1500,1500,2012,988,988,1500,988,1500,1500,1500,1500,1500,1500,1500,1500,1500,1500,1500,1500,1500,1500,1500,1500,1500,1500,1500,1500,1500,1500,1500,7.5
2024-11-04,20:32:49.760,0,0,0,0,0,0,0,0,0,0,0,1,-238,0,1024,-1024,1024,1024,1024,-1,-1,-1,-1,1,-1,-1,-1,0x0000000000002050,1384,1500,1500,1500,2012,988,988,1500,988,1500,1500,1500,1500,1500,1500,1500,1500,1500,1500,1500,1500,1500,1500,1500,1500,1500,1500,1500,1500,1500,1500,1500,7.5
2024-11-04,20:32:49.960,0,0,0,0,0,0,0,0,0,0,-1,0,-231,0,1024,-1024,1024,1024,1024,-1,-1,-1,-1,1,-1,-1,-1,0x0000000000002050,1387,1500,1500,1500,2012,988,988,1500,988,1500,1500,1500,1500,1500,1500,1500,1500,1500,1500,1500,1500,1500,1500,1500,1500,1500,1500,1500,1500,1500,1500,1500,7.5
2024-11-04,20:32:50.160,0,0,0,0,0,0,0,0,0,0,-1,1,-242,2,1024,-1024,1024,1024,1024,-1,-1,-1,-1,1,-1,-1,-1,0x0000000000002050,1382,1501,1500,1500,2012,988,988,1500,988,1500,1500,1500,1500,1500,1500,1500,1500,1500,1500,1500,1500,1500,1500,1500,1500,1500,1500,1500,1500,1500,1500,1500,7.5
2024-11-04,20:32:50.360,0,0,0,0,0,0,0,0,0,0,1,1,-242,1,1024,-1024,1024,1024,1024,-1,-1,-1,-1,1,-1,-1,-1,0x0000000000002050,1382,1500,1500,1500,2012,988,988,1500,988,1500,1500,1500,1500,1500,1500,1500,1500,1500,1500,1500,1500,1500,1500,1500,1500,1500,1500,1500,1500,1500,1500,1500,7.5
2024-11-04,20:32:50.560,0,0,0,0,0,0,0,0,0,0,0,1,-239,-1,1024,-1024,1024,1024,1024,-1,-1,-1,-1,1,-1,-1,-1,0x0000000000002050,1383,1500,1500,1500,2012,988,988,1500,988,1500,1500,1500,1500,1500,1500,1500,1500,1500,1500,1500,1500,1500,1500,1500,1500,1500,1500,1500,1500,1500,1500,1500,7.5
2024-11-04,20:32:50.760,0,0,0,0,0,0,0,0,0,0,-1,1,-240,1,1024,-1024,1024,1024,1024,-1,-1,-1,-1,1,-1,-1,-1,0x0000000000002050,1383,1500,1500,1500,2012,988,988,1500,988,1500,1500,1500,1500,1500,1500,1500,1500,1500,1500,1500,1500,1500,1500,1500,1500,1500,1500,1500,1500,1500,1500,1500,7.5
2024-11-04,20:32:50.960,0,0,0,0,0,0,0,0,0,0,1,1,-239,0,1024,-1024,1024,1024,1024,-1,-1,-1,-1,1,-1,-1,-1,0x0000000000002050,1383,1500,1501,1500,2012,988,988,1500,988,1500,1500,1500,1500,1500,1500,1500,1500,1500,1500,1500,1500,1500,1500,1500,1500,1500,1500,1500,1500,1500,1500,1500,7.5
2024-11-04,20:32:51.160,0,0,0,0,0,0,0,0,0,0,-1,1,-241,1,1024,-1024,1024,1024,1024,-1,-1,-1,-1,1,-1,-1,-1,0x0000000000002050,1382,1500,1500,1500,2012,988,988,1500,988,1500,1500,1500,1500,1500,1500,1500,1500,1500,1500,1500,1500,1500,1500,1500,1500,1500,1500,1500,1500,1500,1500,1500,7.5
2024-11-04,20:32:51.360,0,0,0,0,0,0,0,0,0,0,1,1,-239,0,1024,-1024,1024,1024,1024,-1,-1,-1,-1,1,-1,-1,-1,0x0000000000002050,1383,1500,1500,1500,2012,988,988,1500,988,1500,1500,1500,1500,1500,1500,1500,1500,1500,1500,1500,1500,1500,1500,1500,1500,1500,1500,1500,1500,1500,1500,1500,7.5
2024-11-04,20:32:51.560,0,0,0,0,0,0,0,0,0,0,1,1,-239,0,1024,-1024,1024,1024,1024,-1,-1,-1,-1,1,-1,-1,-1,0x0000000000002050,1383,1500,1500,1500,2012,988,988,1500,988,1500,1500,1500,1500,1500,1500,1500,1500,1500,1500,1500,1500,1500,1500,1500,1500,1500,1500,1500,1500,1500,1500,1500,7.5
2024-11-04,20:32:51.760,0,0,0,0,0,0,0,0,0,0,0,1,-238,1,1024,-1024,1024,1024,1024,-1,-1,-1,-1,1,-1,-1,-1,0x0000000000002050,1384,1500,1500,1500,2012,988,988,1500,988,1500,1500,1500,1500,1500,1500,1500,1500,1500,1500,1500,1500,1500,1500,1500,1500,1500,1500,1500,1500,1500,1500,1500,7.5
2024-11-04,20:32:51.960,0,0,0,0,0,0,0,0,0,0,1,1,-239,1,1024,-1024,1024,1024,1024,-1,-1,-1,-1,1,-1,-1,-1,0x0000000000002050,1383,1500,1500,1500,2012,988,988,1500,988,1500,1500,1500,1500,1500,1500,1500,1500,1500,1500,1500,1500,1500,1500,1500,1500,1500,1500,1500,1500,1500,1500,1500,7.5
2024-11-04,20:32:52.160,0,0,0,0,0,0,0,0,0,0,-1,1,-241,0,1024,-1024,1024,1024,1024,-1,-1,-1,-1,1,-1,-1,-1,0x0000000000002050,1383,1501,1500,1500,2012,988,988,1500,988,1500,1500,1500,1500,1500,1500,1500,1500,1500,1500,1500,1500,1500,1500,1500,1500,1500,1500,1500,1500,1500,1500,1500,7.5
2024-11-04,20:32:52.360,0,0,0,0,0,0,0,0,0,0,2,0,-240,0,1024,-1024,1024,1024,1024,-1,-1,-1,-1,1,-1,-1,-1,0x0000000000002050,1383,1501,1501,1500,2012,988,988,1500,988,1500,1500,1500,1500,1500,1500,1500,1500,1500,1500,1500,1500,1500,1500,1500,1500,1500,1500,1500,1500,1500,1500,1500,7.5
2024-11-04,20:32:52.570,0,0,0,0,0,0,0,0,0,0,1,1,-239,-1,1024,-1024,1024,1024,1024,-1,-1,-1,-1,1,-1,-1,-1,0x0000000000002050,1383,1500,1500,1500,2012,988,988,1500,988,1500,1500,1500,1500,1500,1500,1500,1500,1500,1500,1500,1500,1500,1500,1500,1500,1500,1500,1500,1500,1500,1500,1500,7.5
2024-11-04,20:32:52.760,0,0,0,0,0,0,0,0,0,0,0,0,-240,0,1024,-1024,1024,1024,1024,-1,-1,-1,-1,1,-1,-1,-1,0x0000000000002050,1383,1500,1500,1500,2012,988,988,1500,988,1500,1500,1500,1500,1500,1500,1500,1500,1500,1500,1500,1500,1500,1500,1500,1500,1500,1500,1500,1500,1500,1500,1500,7.5
2024-11-04,20:32:52.960,0,0,0,0,0,0,0,0,0,0,0,0,-240,0,1024,-1024,1024,1024,1024,-1,-1,-1,-1,1,-1,-1,-1,0x0000000000002050,1383,1500,1500,1500,2012,988,988,1500,988,1500,1500,1500,1500,1500,1500,1500,1500,1500,1500,1500,1500,1500,1500,1500,1500,1500,1500,1500,1500,1500,1500,1500,7.5
2024-11-04,20:32:53.160,0,0,0,0,0,0,0,0,0,0,0,-2,-241,-1,1024,-1024,1024,1024,1024,-1,-1,-1,-1,1,-1,-1,-1,0x0000000000002050,1382,1500,1499,1500,2012,988,988,1500,988,1500,1500,1500,1500,1500,1500,1500,1500,1500,1500,1500,1500,1500,1500,1500,1500,1500,1500,1500,1500,1500,1500,1500,7.5
2024-11-04,20:32:53.360,0,0,0,0,0,0,0,0,0,0,0,2,-240,1,1024,-1024,1024,1024,1024,-1,-1,-1,-1,1,-1,-1,-1,0x0000000000002050,1383,1500,1500,1500,2012,988,988,1500,988,1500,1500,1500,1500,1500,1500,1500,1500,1500,1500,1500,1500,1500,1500,1500,1500,1500,1500,1500,1500,1500,1500,1500,7.5
2024-11-04,20:32:53.560,0,0,0,0,0,0,0,0,0,0,-1,1,-239,0,1024,-1024,1024,1024,1024,-1,-1,-1,-1,-1,-1,-1,-1,0x0000000000002240,1383,1501,1500,1500,2012,988,988,1500,988,1500,1500,1500,1500,1500,1500,1500,1500,1500,1500,1500,1500,1500,1500,1500,1500,1500,1500,1500,1500,1500,1500,1500,7.5
2024-11-04,20:32:53.760,0,0,0,0,0,0,0,0,0,0,0,1,-238,-1,1024,-1024,1024,1024,1024,-1,-1,-1,-1,-1,-1,-1,-1,0x0000000000002E40,1383,1500,1501,1500,2012,988,988,1500,988,1500,1500,1500,1500,1500,1500,1500,1500,1500,1500,1500,1500,1500,1500,1500,1500,1500,1500,1500,1500,1500,1500,1500,7.5
2024-11-04,20:32:53.960,0,0,0,0,0,0,0,0,0,0,0,0,-238,0,1024,-1024,1024,1024,1024,-1,-1,-1,-1,-1,-1,-1,-1,0x0000000000002E40,1383,1500,1500,1500,2012,988,988,1500,988,1500,1500,1500,1500,1500,1500,1500,1500,1500,1500,1500,1500,1500,1500,1500,1500,1500,1500,1500,1500,1500,1500,1500,7.5
2024-11-04,20:32:54.160,0,0,0,0,0,0,0,0,0,0,1,0,-238,0,1024,-1024,1024,1024,1024,-1,-1,-1,-1,-1,-1,-1,-1,0x0000000000002E40,1382,1501,1500,1501,2012,988,988,1500,988,1500,1500,1500,1500,1500,1500,1500,1500,1500,1500,1500,1500,1500,1500,1500,1500,1500,1500,1500,1500,1500,1500,1500,7.5
2024-11-04,20:32:54.360,0,0,0,0,0,0,0,0,0,0,-1,0,-257,1,1024,-1024,1024,1024,1024,-1,-1,-1,-1,-1,-1,-1,-1,0x0000000000002E40,1369,1500,1501,1500,2012,988,988,1500,988,1500,1500,1500,1500,1500,1500,1500,1500,1500,1500,1500,1500,1500,1500,1500,1500,1500,1500,1500,1500,1500,1500,1500,7.5
2024-11-04,20:32:54.560,0,0,0,0,0,0,0,0,0,0,2,1,-1024,2,1024,-1024,1024,1024,1024,-1,-1,-1,-1,-1,-1,-1,-1,0x0000000000000C40,998,1500,1501,1501,2012,988,988,1500,988,1500,1500,1500,1500,1500,1500,1500,1500,1500,1500,1500,1500,1500,1500,1500,1500,1500,1500,1500,1500,1500,1500,1500,7.5
2024-11-04,20:32:54.760,0,0,0,0,0,0,0,0,0,0,1,2,-1024,1,1024,-1024,1024,1024,1024,-1,-1,-1,-1,-1,-1,-1,-1,0x0000000000000C40,998,1500,1500,1500,2012,988,988,1500,988,1500,1500,1500,1500,1500,1500,1500,1500,1500,1500,1500,1500,1500,1500,1500,1500,1500,1500,1500,1500,1500,1500,1500,7.5
2024-11-04,20:32:54.960,0,0,0,0,0,0,0,0,0,0,0,0,-1024,0,1024,-1024,1024,1024,1024,-1,-1,-1,-1,-1,-1,-1,-1,0x0000000000000C40,998,1500,1500,1500,2012,988,988,1500,988,1500,1500,1500,1500,1500,1500,1500,1500,1500,1500,1500,1500,1500,1500,1500,1500,1500,1500,1500,1500,1500,1500,1500,7.5
2024-11-04,20:32:55.160,0,0,0,0,0,0,0,0,0,0,-1,1,-1024,-1,1024,-1024,1024,1024,1024,-1,-1,-1,-1,-1,-1,-1,-1,0x0000000000000C40,998,1500,1500,1500,2012,988,988,1500,988,1500,1500,1500,1500,1500,1500,1500,1500,1500,1500,1500,1500,1500,1500,1500,1500,1500,1500,1500,1500,1500,1500,1500,7.5
2024-11-04,20:32:55.360,0,0,0,0,0,0,0,0,0,0,1,0,-1024,1,1024,-1024,1024,1024,1024,-1,-1,-1,-1,-1,-1,-1,-1,0x0000000000000C40,998,1500,1500,1500,2012,988,988,1500,988,1500,1500,1500,1500,1500,1500,1500,1500,1500,1500,1500,1500,1500,1500,1500,1500,1500,1500,1500,1500,1500,1500,1500,7.5
2024-11-04,20:32:55.560,0,0,0,0,0,0,0,0,0,0,2,0,-1024,1,1024,-1024,1024,1024,1024,-1,-1,-1,-1,-1,-1,-1,-1,0x0000000000000C40,998,1500,1500,1501,2012,988,988,1500,988,1500,1500,1500,1500,1500,1500,1500,1500,1500,1500,1500,1500,1500,1500,1500,1500,1500,1500,1500,1500,1500,1500,1500,7.5
2024-11-04,20:32:55.760,0,0,0,0,0,0,0,0,0,0,1,1,-1024,0,1024,-1024,1024,1024,1024,-1,-1,-1,-1,-1,-1,-1,-1,0x0000000000000C40,998,1500,1500,1500,2012,988,988,1500,988,1500,1500,1500,1500,1500,1500,1500,1500,1500,1500,1500,1500,1500,1500,1500,1500,1500,1500,1500,1500,1500,1500,1500,7.5
2024-11-04,20:32:55.960,0,0,0,0,0,0,0,0,0,0,1,1,-1024,1,1024,-1024,1024,1024,1024,-1,-1,-1,-1,-1,-1,-1,-1,0x0000000000000C40,998,1500,1500,1500,2012,988,988,1500,988,1500,1500,1500,1500,1500,1500,1500,1500,1500,1500,1500,1500,1500,1500,1500,1500,1500,1500,1500,1500,1500,1500,1500,7.5
2024-11-04,20:32:56.160,0,0,0,0,0,0,0,0,0,0,2,1,-1024,1,1024,-1024,1024,1024,1024,-1,-1,-1,-1,-1,-1,-1,-1,0x0000000000000C40,998,1500,1500,1501,2012,988,988,1500,988,1500,1500,1500,1500,1500,1500,1500,1500,1500,1500,1500,1500,1500,1500,1500,1500,1500,1500,1500,1500,1500,1500,1500,7.5
2024-11-04,20:32:56.360,0,0,0,0,0,0,0,0,0,0,1,2,-1024,-1,1024,-1024,1024,1024,1024,-1,-1,-1,-1,-1,-1,-1,-1,0x0000000000000C40,998,1500,1501,1500,2012,988,988,1500,988,1500,1500,1500,1500,1500,1500,1500,1500,1500,1500,1500,1500,1500,1500,1500,1500,1500,1500,1500,1500,1500,1500,1500,7.5
2024-11-04,20:32:56.560,0,0,0,0,0,0,0,0,0,0,0,1,-1024,0,1024,-1024,1024,1024,1024,-1,-1,-1,-1,-1,-1,-1,-1,0x0000000000000C40,998,1500,1500,1500,2012,988,988,1500,988,1500,1500,1500,1500,1500,1500,1500,1500,1500,1500,1500,1500,1500,1500,1500,1500,1500,1500,1500,1500,1500,1500,1500,7.5
2024-11-04,20:32:56.760,0,0,0,0,0,0,0,0,0,0,0,1,-1024,0,1024,-1024,1024,1024,1024,-1,-1,-1,-1,-1,-1,-1,-1,0x0000000000000C40,998,1500,1500,1500,2012,988,988,1500,988,1500,1500,1500,1500,1500,1500,1500,1500,1500,1500,1500,1500,1500,1500,1500,1500,1500,1500,1500,1500,1500,1500,1500,7.5
2024-11-04,20:32:56.960,0,0,0,0,0,0,0,0,0,0,1,0,-1024,1,1024,-1024,1024,1024,1024,-1,-1,-1,-1,-1,-1,-1,-1,0x0000000000000C40,998,1500,1500,1500,2012,988,988,1500,988,1500,1500,1500,1500,1500,1500,1500,1500,1500,1500,1500,1500,1500,1500,1500,1500,1500,1500,1500,1500,1500,1500,1500,7.5
2024-11-04,20:32:57.160,0,0,0,0,0,0,0,0,0,0,0,1,-1024,0,1024,-1024,1024,1024,1024,-1,-1,-1,-1,-1,-1,-1,-1,0x0000000000000C40,998,1500,1500,1500,2012,988,988,1500,988,1500,1500,1500,1500,1500,1500,1500,1500,1500,1500,1500,1500,1500,1500,1500,1500,1500,1500,1500,1500,1500,1500,1500,7.5
2024-11-04,20:32:57.360,0,0,0,0,0,0,0,0,0,0,1,1,-1024,0,1024,-1024,1024,1024,1024,-1,-1,-1,-1,-1,-1,-1,-1,0x0000000000000C40,998,1500,1500,1500,2012,988,988,1500,988,1500,1500,1500,1500,1500,1500,1500,1500,1500,1500,1500,1500,1500,1500,1500,1500,1500,1500,1500,1500,1500,1500,1500,7.5
2024-11-04,20:32:57.560,0,0,0,0,0,0,0,0,0,0,0,0,-1024,2,1024,-1024,1024,1024,1024,-1,-1,-1,-1,-1,-1,-1,-1,0x0000000000000C40,998,1501,1500,1500,2012,988,988,1500,988,1500,1500,1500,1500,1500,1500,1500,1500,1500,1500,1500,1500,1500,1500,1500,1500,1500,1500,1500,1500,1500,1500,1500,7.5
2024-11-04,20:32:57.760,0,0,0,0,0,0,0,0,0,0,0,1,-1024,0,1024,-1024,1024,1024,1024,-1,-1,-1,-1,-1,-1,-1,-1,0x0000000000000C40,998,1500,1500,1500,2012,988,988,1500,988,1500,1500,1500,1500,1500,1500,1500,1500,1500,1500,1500,1500,1500,1500,1500,1500,1500,1500,1500,1500,1500,1500,1500,7.5
2024-11-04,20:32:57.960,0,0,0,0,0,0,0,0,0,0,0,0,-1024,2,1024,-1024,1024,1024,1024,-1,-1,-1,-1,-1,-1,-1,-1,0x0000000000000C40,998,1501,1500,1500,2012,988,988,1500,988,1500,1500,1500,1500,1500,1500,1500,1500,1500,1500,1500,1500,1500,1500,1500,1500,1500,1500,1500,1500,1500,1500,1500,7.5
2024-11-04,20:32:58.160,0,0,0,0,0,0,0,0,0,0,-1,1,-1024,1,1024,-1024,1024,1024,1024,-1,-1,-1,-1,-1,-1,-1,-1,0x0000000000000C40,998,1500,1500,1500,2012,988,988,1500,988,1500,1500,1500,1500,1500,1500,1500,1500,1500,1500,1500,1500,1500,1500,1500,1500,1500,1500,1500,1500,1500,1500,1500,7.5
2024-11-04,20:32:58.360,0,0,0,0,0,0,0,0,0,0,0,0,-1024,2,1024,-1024,1024,1024,1024,-1,-1,-1,-1,-1,-1,-1,-1,0x0000000000000C40,998,1501,1500,1500,2012,988,988,1500,988,1500,1500,1500,1500,1500,1500,1500,1500,1500,1500,1500,1500,1500,1500,1500,1500,1500,1500,1500,1500,1500,1500,1500,7.5
2024-11-04,20:32:58.560,0,0,0,0,0,0,0,0,0,0,0,1,-1024,-1,1024,-1024,1024,1024,1024,-1,-1,-1,-1,-1,-1,-1,-1,0x0000000000000C40,998,1500,1500,1500,2012,988,988,1500,988,1500,1500,1500,1500,1500,1500,1500,1500,1500,1500,1500,1500,1500,1500,1500,1500,1500,1500,1500,1500,1500,1500,1500,7.5
2024-11-04,20:32:58.760,0,0,0,0,0,0,0,0,0,0,-1,1,-1024,1,1024,-1024,1024,1024,1024,-1,-1,-1,-1,-1,-1,-1,-1,0x0000000000000C40,998,1500,1500,1500,2012,988,988,1500,988,1500,1500,1500,1500,1500,1500,1500,1500,1500,1500,1500,1500,1500,1500,1500,1500,1500,1500,1500,1500,1500,1500,1500,7.5
2024-11-04,20:32:58.960,0,0,0,0,0,0,0,0,0,0,0,1,-1024,1,1024,-1024,1024,1024,1024,-1,-1,-1,-1,-1,-1,-1,-1,0x0000000000000C40,998,1500,1500,1500,2012,988,988,1500,988,1500,1500,1500,1500,1500,1500,1500,1500,1500,1500,1500,1500,1500,1500,1500,1500,1500,1500,1500,1500,1500,1500,1500,7.5
2024-11-04,20:32:59.160,0,0,0,0,0,0,0,0,0,0,0,2,-1024,1,1024,-1024,1024,1024,1024,-1,-1,-1,-1,-1,-1,-1,-1,0x0000000000000C40,998,1500,1501,1500,2012,988,988,1500,988,1500,1500,1500,1500,1500,1500,1500,1500,1500,1500,1500,1500,1500,1500,1500,1500,1500,1500,1500,1500,1500,1500,1500,7.5
2024-11-04,20:32:59.360,0,0,0,0,0,0,0,0,0,0,0,0,-1024,0,1024,-1024,1024,1024,1024,-1,-1,-1,-1,-1,-1,-1,-1,0x0000000000000C40,998,1500,1500,1500,2012,988,988,1500,988,1500,1500,1500,1500,1500,1500,1500,1500,1500,1500,1500,1500,1500,1500,1500,1500,1500,1500,1500,1500,1500,1500,1500,7.5
2024-11-04,20:32:59.560,0,0,0,0,0,0,0,0,0,0,1,-1,-1024,0,1024,-1024,1024,1024,1024,-1,-1,-1,-1,-1,-1,-1,-1,0x0000000000000C60,998,1500,1500,1500,2012,988,988,1500,988,1500,1500,1500,1500,1500,1500,1500,1500,1500,1500,1500,1500,1500,1500,1500,1500,1500,1500,1500,1500,1500,1500,1500,7.5
