Date,Time,Hdg(Â°),GSpd(kmh),Sats,RxBt(V),Curr(A),Capa(mAh),RSSI(dB),RQly(%),RSNR(dB),TPWR(mW),FRat,TLat,RFMD,VFrq,VPwr,VChn,VBan,GPS,Alt(m),Rud,Ele,Thr,Ail,S1,6P,S2,EX1,EX2,EX3,EX4,LS,RS,SA,SB,SC,SD,SE,SF,SG,SH,LSW,CH1(us),CH2(us),CH3(us),CH4(us),CH5(us),CH6(us),CH7(us),CH8(us),CH9(us),CH10(us),CH11(us),CH12(us),CH13(us),CH14(us),CH15(us),CH16(us),CH17(us),CH18(us),CH19(us),CH20(us),CH21(us),CH22(us),CH23(us),CH24(us),CH25(us),CH26(us),CH27(us),CH28(us),CH29(us),CH30(us),CH31(us),CH32(us),TxBat(V)
2024-05-09,15:09:26.270,0.0,0.0,-27,0.0,0.0,0,0,0,0,0,0,0,,0,0,0,,,0,1,2,-587,-1,1024,-1005,-1024,0,0,0,0,28,1024,-1,-1,-1,-1,1,-1,-1,-1,0x0000000000000050,1213,1500,1500,1500,2012,988,988,1500,1500,1500,1500,1500,1500,1500,1500,1500,1500,1500,1500,1500,1500,1500,1500,1500,1500,1500,1500,1500,1500,1500,1500,1500,7.3
2024-05-09,15:09:26.300,0.0,0.0,-33,0.0,0.0,0,0,0,0,0,0,0,,0,0,0,,,0,2,0,-585,0,1024,-1003,-1024,0,0,0,0,28,1024,-1,-1,-1,-1,1,-1,-1,-1,0x0000000000000050,1214,1500,1499,1500,2012,988,988,1500,1500,1500,1500,1500,1500,1500,1500,1500,1500,1500,1500,1500,1500,1500,1500,1500,1500,1500,1500,1500,1500,1500,1500,1500,7.3
2024-05-09,15:09:26.500,0.0,0.0,-40,0.0,0.0,0,0,0,0,0,0,0,,0,0,0,,,0,0,1,-538,1,1024,-1004,-1024,0,0,0,0,28,1024,-1,-1,-1,-1,1,-1,-1,-1,0x0000000000000050,1237,1500,1499,1500,2012,988,988,1500,1500,1500,1500,1500,1500,1500,1500,1500,1500,1500,1500,1500,1500,1500,1500,1500,1500,1500,1500,1500,1500,1500,1500,1500,7.3
2024-05-09,15:09:26.700,0.0,0.0,-42,0.0,0.0,0,0,0,0,0,0,0,,0,0,0,,,0,0,1,-448,-1,1024,-1003,-1024,0,0,0,0,28,1024,-1,-1,-1,-1,1,-1,-1,-1,0x0000000000000050,1281,1500,1499,1500,2012,988,988,1500,1500,1500,1500,1500,1500,1500,1500,1500,1500,1500,1500,1500,1500,1500,1500,1500,1500,1500,1500,1500,1500,1500,1500,1500,7.3
2024-05-09,15:09:26.900,0.0,0.0,-43,0.0,0.0,0,0,0,0,0,0,0,,0,0,0,,,0,0,-1,-345,2,1024,-1004,-1024,0,0,0,0,28,1024,-1,-1,-1,-1,1,-1,-1,-1,0x0000000000000050,1331,1500,1498,1500,2012,988,988,1500,1500,1500,1500,1500,1500,1500,1500,1500,1500,1500,1500,1500,1500,1500,1500,1500,1500,1500,1500,1500,1500,1500,1500,1500,7.3
2024-05-09,15:09:27.100,0.0,0.0,-43,0.0,0.0,0,0,0,0,0,0,0,,0,0,0,,,0,0,-1,-286,1,1024,-1004,-1024,0,0,0,0,28,1024,-1,-1,-1,-1,1,-1,-1,-1,0x0000000000000050,1360,1500,1498,1500,2012,988,988,1500,1500,1500,1500,1500,1500,1500,1500,1500,1500,1500,1500,1500,1500,1500,1500,1500,1500,1500,1500,1500,1500,1500,1500,1500,7.3
2024-05-09,15:09:27.300,0.0,0.0,-43,0.0,0.0,0,0,0,0,0,0,0,,0,0,0,,,0,1,6,-169,-1,1024,-1004,-1024,0,0,0,0,28,1024,-1,-1,-1,-1,1,-1,-1,-1,0x0000000000000050,1419,1499,1502,1501,2012,988,988,1500,1500,1500,1500,1500,1500,1500,1500,1500,1500,1500,1500,1500,1500,1500,1500,1500,1500,1500,1500,1500,1500,1500,1500,1500,7.3
2024-05-09,15:09:27.500,0.0,0.0,-44,0.0,0.0,0,0,0,0,0,0,0,,0,0,0,,,0,22,257,275,-43,1024,-1007,-1024,0,0,0,0,26,1024,-1,-1,-1,-1,1,-1,-1,-1,0x0000000000000050,1634,1480,1623,1510,2012,988,988,1500,1500,1500,1500,1500,1500,1500,1500,1500,1500,1500,1500,1500,1500,1500,1500,1500,1500,1500,1500,1500,1500,1500,1500,1500,7.3
2024-05-09,15:09:27.700,0.0,0.0,-43,0.0,0.0,0,0,0,0,0,0,0,,0,0,0,,,0,28,315,-152,2,1024,-1003,-1024,0,0,0,0,26,1024,-1,-1,-1,-1,1,-1,-1,-1,0x0000000000000050,1426,1500,1651,1513,2012,988,988,1500,1500,1500,1500,1500,1500,1500,1500,1500,1500,1500,1500,1500,1500,1500,1500,1500,1500,1500,1500,1500,1500,1500,1500,1500,7.3
2024-05-09,15:09:27.900,0.0,0.0,-46,0.0,0.0,0,0,0,0,0,0,0,,0,0,0,,,0,3,237,6,0,1024,-1004,-1024,0,0,0,0,26,1024,-1,-1,-1,-1,1,-1,-1,-1,0x0000000000000050,1502,1500,1612,1500,2012,988,988,1500,1500,1500,1500,1500,1500,1500,1500,1500,1500,1500,1500,1500,1500,1500,1500,1500,1500,1500,1500,1500,1500,1500,1500,1500,7.3
2024-05-09,15:09:28.100,0.0,0.0,-46,0.0,0.0,0,0,0,0,0,0,0,,0,0,0,,,0,-69,32,207,-28,1024,-1005,-1024,0,0,0,0,26,1024,-1,-1,-1,-1,1,-1,-1,-1,0x0000000000000050,1601,1487,1513,1467,2012,988,988,1500,1500,1500,1500,1500,1500,1500,1500,1500,1500,1500,1500,1500,1500,1500,1500,1500,1500,1500,1500,1500,1500,1500,1500,1500,7.3
2024-05-09,15:09:28.300,0.0,0.0,-46,0.0,0.0,0,0,0,0,0,0,0,,0,0,0,,,0,-74,0,62,-208,1024,-1003,-1024,0,0,0,0,26,1024,-1,-1,-1,-1,1,-1,-1,-1,0x0000000000000050,1530,1399,1499,1464,2012,988,988,1500,1500,1500,1500,1500,1500,1500,1500,1500,1500,1500,1500,1500,1500,1500,1500,1500,1500,1500,1500,1500,1500,1500,1500,1500,7.3
2024-05-09,15:09:28.500,0.0,0.0,-46,0.0,0.0,0,0,0,0,0,0,0,,0,0,0,,,0,-166,-21,144,-198,1024,-1006,-1024,0,0,0,0,28,1024,-1,-1,-1,-1,1,-1,-1,-1,0x0000000000000050,1570,1404,1488,1419,2012,988,988,1500,1500,1500,1500,1500,1500,1500,1500,1500,1500,1500,1500,1500,1500,1500,1500,1500,1500,1500,1500,1500,1500,1500,1500,1500,7.3
2024-05-09,15:09:28.700,0.0,0.0,-45,0.0,0.0,0,0,0,0,0,0,0,,0,0,0,,,0,-253,-151,214,-175,1024,-1006,-1024,0,0,0,0,28,1024,-1,-1,-1,-1,1,-1,-1,-1,0x0000000000000050,1604,1415,1425,1377,2012,988,988,1500,1500,1500,1500,1500,1500,1500,1500,1500,1500,1500,1500,1500,1500,1500,1500,1500,1500,1500,1500,1500,1500,1500,1500,1500,7.3
2024-05-09,15:09:28.900,0.0,0.0,-50,0.0,0.0,0,0,0,0,0,0,0,,0,0,0,,,0,-270,-136,66,-192,1024,-1006,-1024,0,0,0,0,28,1024,-1,-1,-1,-1,1,-1,-1,-1,0x0000000000000050,1532,1407,1432,1369,2012,988,988,1500,1500,1500,1500,1500,1500,1500,1500,1500,1500,1500,1500,1500,1500,1500,1500,1500,1500,1500,1500,1500,1500,1500,1500,1500,7.3
2024-05-09,15:09:29.100,0.0,0.0,-54,0.0,0.0,0,0,0,0,0,0,0,,0,0,0,,,0,-273,-170,124,-224,1024,-1006,-1024,0,0,0,0,28,1024,-1,-1,-1,-1,1,-1,-1,-1,0x0000000000000050,1560,1391,1416,1367,2012,988,988,1500,1500,1500,1500,1500,1500,1500,1500,1500,1500,1500,1500,1500,1500,1500,1500,1500,1500,1500,1500,1500,1500,1500,1500,1500,7.3
2024-05-09,15:09:29.300,0.0,0.0,-58,0.0,0.0,0,0,0,0,0,0,0,,0,0,0,,,0,-402,-227,285,-315,1024,-1005,-1024,0,0,0,0,28,1024,-1,-1,-1,-1,1,-1,-1,-1,0x0000000000000050,1639,1347,1388,1304,2012,988,988,1500,1500,1500,1500,1500,1500,1500,1500,1500,1500,1500,1500,1500,1500,1500,1500,1500,1500,1500,1500,1500,1500,1500,1500,1500,7.3
2024-05-09,15:09:29.500,0.0,0.0,-58,0.0,0.0,0,0,0,0,0,0,0,,0,0,0,,,0,-452,-289,128,-424,1024,-1003,-1024,0,0,0,0,28,1024,-1,-1,-1,-1,1,-1,-1,-1,0x0000000000000050,1562,1293,1357,1281,2012,988,988,1500,1500,1500,1500,1500,1500,1500,1500,1500,1500,1500,1500,1500,1500,1500,1500,1500,1500,1500,1500,1500,1500,1500,1500,1500,7.3
2024-05-09,15:09:29.700,0.0,0.0,-64,0.0,0.0,0,0,0,0,0,0,0,,0,0,0,,,0,-392,-295,270,-254,1024,-1004,-1024,0,0,0,0,28,1024,-1,-1,-1,-1,1,-1,-1,-1,0x0000000000000050,1632,1376,1355,1309,2012,988,988,1500,1500,1500,1500,1500,1500,1500,1500,1500,1500,1500,1500,1500,1500,1500,1500,1500,1500,1500,1500,1500,1500,1500,1500,1500,7.3
2024-05-09,15:09:29.900,0.0,0.0,-68,0.0,0.0,0,0,0,0,0,0,0,,0,0,0,,,0,-191,-222,408,226,1024,-1004,-1024,0,0,0,0,28,1024,-1,-1,-1,-1,1,-1,-1,-1,0x0000000000000050,1700,1610,1390,1407,2012,988,988,1500,1500,1500,1500,1500,1500,1500,1500,1500,1500,1500,1500,1500,1500,1500,1500,1500,1500,1500,1500,1500,1500,1500,1500,1500,7.3
2024-05-09,15:09:30.100,0.0,0.0,-70,0.0,0.0,0,0,0,0,0,0,0,,0,0,0,,,0,-14,-278,253,71,1024,-1003,-1024,0,0,0,0,28,1024,-1,-1,-1,-1,1,-1,-1,-1,0x0000000000000050,1626,1533,1362,1494,2012,988,988,1500,1500,1500,1500,1500,1500,1500,1500,1500,1500,1500,1500,1500,1500,1500,1500,1500,1500,1500,1500,1500,1500,1500,1500,1500,7.3
2024-05-09,15:09:30.300,0.0,0.0,-68,0.0,0.0,0,0,0,0,0,0,0,,0,0,0,,,0,-4,0,640,-3,1024,-1006,-1024,0,0,0,0,28,1024,-1,-1,-1,-1,1,-1,-1,-1,0x0000000000000050,1813,1499,1499,1499,2012,988,988,1500,1500,1500,1500,1500,1500,1500,1500,1500,1500,1500,1500,1500,1500,1500,1500,1500,1500,1500,1500,1500,1500,1500,1500,1500,7.3
2024-05-09,15:09:30.500,0.0,0.0,-69,0.0,0.0,0,0,0,0,0,0,0,,0,0,0,,,0,-162,-37,434,-202,1024,-1004,-1024,0,0,0,0,28,1024,-1,-1,-1,-1,1,-1,-1,-1,0x0000000000000050,1712,1402,1480,1421,2012,988,988,1500,1500,1500,1500,1500,1500,1500,1500,1500,1500,1500,1500,1500,1500,1500,1500,1500,1500,1500,1500,1500,1500,1500,1500,1500,7.3
2024-05-09,15:09:30.700,0.0,0.0,-69,0.0,0.0,0,0,0,0,0,0,0,,0,0,0,,,0,-273,-125,507,-330,1024,-1003,-1024,0,0,0,0,28,1024,-1,-1,-1,-1,1,-1,-1,-1,0x0000000000000050,1749,1339,1438,1367,2012,988,988,1500,1500,1500,1500,1500,1500,1500,1500,1500,1500,1500,1500,1500,1500,1500,1500,1500,1500,1500,1500,1500,1500,1500,1500,1500,7.3
2024-05-09,15:09:30.900,0.0,0.0,-66,0.0,0.0,0,0,0,0,0,0,0,,0,0,0,,,0,-468,-373,254,-302,1024,-1003,-1024,0,0,0,0,28,1024,-1,-1,-1,-1,1,-1,-1,-1,0x0000000000000050,1624,1353,1316,1272,2012,988,988,1500,1500,1500,1500,1500,1500,1500,1500,1500,1500,1500,1500,1500,1500,1500,1500,1500,1500,1500,1500,1500,1500,1500,1500,1500,7.3
2024-05-09,15:09:31.100,0.0,0.0,-62,0.0,0.0,0,0,0,0,0,0,0,,0,0,0,,,0,-478,-465,227,-534,1024,-1006,-1024,0,0,0,0,28,1024,-1,-1,-1,-1,1,-1,-1,-1,0x0000000000000050,1611,1240,1271,1267,2012,988,988,1500,1500,1500,1500,1500,1500,1500,1500,1500,1500,1500,1500,1500,1500,1500,1500,1500,1500,1500,1500,1500,1500,1500,1500,1500,7.3
2024-05-09,15:09:31.300,0.0,0.0,-61,0.0,0.0,0,0,0,0,0,0,0,,0,0,0,,,0,-454,-517,442,-315,1024,-1004,-1024,0,0,0,0,28,1024,-1,-1,-1,-1,1,-1,-1,-1,0x0000000000000050,1716,1347,1245,1278,2012,988,988,1500,1500,1500,1500,1500,1500,1500,1500,1500,1500,1500,1500,1500,1500,1500,1500,1500,1500,1500,1500,1500,1500,1500,1500,1500,7.3
2024-05-09,15:09:31.500,0.0,0.0,-60,0.0,0.0,0,0,0,0,0,0,0,,0,0,0,,,0,-80,-416,952,44,1024,-1006,-1024,0,0,0,0,26,1024,-1,-1,-1,-1,1,-1,-1,-1,0x0000000000000050,1966,1521,1295,1461,2012,988,988,1500,1500,1500,1500,1500,1500,1500,1500,1500,1500,1500,1500,1500,1500,1500,1500,1500,1500,1500,1500,1500,1500,1500,1500,1500,7.3
2024-05-09,15:09:31.700,0.0,0.0,-59,0.0,0.0,0,0,0,0,0,0,0,,0,0,0,,,0,455,-65,326,739,1024,-1003,-1024,0,0,0,0,28,1024,-1,-1,-1,-1,1,-1,-1,-1,0x0000000000000050,1659,1860,1467,1722,2012,988,988,1500,1500,1500,1500,1500,1500,1500,1500,1500,1500,1500,1500,1500,1500,1500,1500,1500,1500,1500,1500,1500,1500,1500,1500,1500,7.3
2024-05-09,15:09:31.900,0.0,0.0,-59,0.0,0.0,0,0,0,0,0,0,0,,0,0,0,,,0,542,-296,335,570,1024,-1003,-1024,0,0,0,0,28,1024,-1,-1,-1,-1,1,-1,-1,-1,0x0000000000000050,1664,1778,1354,1764,2012,988,988,1500,1500,1500,1500,1500,1500,1500,1500,1500,1500,1500,1500,1500,1500,1500,1500,1500,1500,1500,1500,1500,1500,1500,1500,1500,7.3
2024-05-09,15:09:32.100,0.0,0.0,-62,0.0,0.0,0,0,0,0,0,0,0,,0,0,0,,,0,344,-246,626,315,1024,-1003,-1024,0,0,0,0,28,1024,-1,-1,-1,-1,1,-1,-1,-1,0x0000000000000050,1806,1653,1378,1667,2012,988,988,1500,1500,1500,1500,1500,1500,1500,1500,1500,1500,1500,1500,1500,1500,1500,1500,1500,1500,1500,1500,1500,1500,1500,1500,1500,7.3
2024-05-09,15:09:32.300,0.0,0.0,-58,0.0,0.0,0,0,0,0,0,0,0,,0,0,0,,,0,-396,-179,91,-898,1024,-1004,-1024,0,0,0,0,28,1024,-1,-1,-1,-1,1,-1,-1,-1,0x0000000000000050,1544,1062,1411,1307,2012,988,988,1500,1500,1500,1500,1500,1500,1500,1500,1500,1500,1500,1500,1500,1500,1500,1500,1500,1500,1500,1500,1500,1500,1500,1500,1500,7.3
2024-05-09,15:09:32.500,0.0,0.0,-59,0.0,0.0,0,0,0,0,0,0,0,,0,0,0,,,0,-441,-394,590,-575,1024,-1005,-1024,0,0,0,0,28,1024,-1,-1,-1,-1,1,-1,-1,-1,0x0000000000000050,1789,1220,1306,1285,2012,988,988,1500,1500,1500,1500,1500,1500,1500,1500,1500,1500,1500,1500,1500,1500,1500,1500,1500,1500,1500,1500,1500,1500,1500,1500,1500,7.3
2024-05-09,15:09:32.700,0.0,0.0,-56,0.0,0.0,0,0,0,0,0,0,0,,0,0,0,,,0,-446,-539,824,-463,1024,-1004,-1024,0,0,0,0,28,1024,-1,-1,-1,-1,1,-1,-1,-1,0x0000000000000050,1903,1274,1235,1283,2012,988,988,1500,1500,1500,1500,1500,1500,1500,1500,1500,1500,1500,1500,1500,1500,1500,1500,1500,1500,1500,1500,1500,1500,1500,1500,1500,7.3
2024-05-09,15:09:32.900,0.0,0.0,-58,0.0,0.0,0,0,0,0,0,0,0,,0,0,0,,,0,-401,-446,951,-45,1024,-1003,-1024,0,0,0,0,28,1024,-1,-1,-1,-1,1,-1,-1,-1,0x0000000000000050,1967,1479,1284,1308,2012,988,988,1500,1500,1500,1500,1500,1500,1500,1500,1500,1500,1500,1500,1500,1500,1500,1500,1500,1500,1500,1500,1500,1500,1500,1500,1500,7.3
2024-05-09,15:09:33.100,0.0,0.0,-58,0.0,0.0,0,0,0,0,0,0,0,,0,0,0,,,0,150,52,-38,272,1024,-1007,-1024,0,0,0,0,28,1024,-1,-1,-1,-1,1,-1,-1,-1,0x0000000000000050,1482,1632,1523,1573,2012,988,988,1500,1500,1500,1500,1500,1500,1500,1500,1500,1500,1500,1500,1500,1500,1500,1500,1500,1500,1500,1500,1500,1500,1500,1500,1500,7.3
2024-05-09,15:09:33.300,0.0,0.0,-58,0.0,0.0,0,0,0,0,0,0,0,,0,0,0,,,0,230,-3,239,5,1024,-1003,-1024,0,0,0,0,28,1024,-1,-1,-1,-1,1,-1,-1,-1,0x0000000000000050,1617,1502,1497,1612,2012,988,988,1500,1500,1500,1500,1500,1500,1500,1500,1500,1500,1500,1500,1500,1500,1500,1500,1500,1500,1500,1500,1500,1500,1500,1500,1500,7.3
2024-05-09,15:09:33.500,0.0,0.0,-55,0.0,0.0,0,0,0,0,0,0,0,,0,0,0,,,0,139,14,371,73,1024,-1003,-1024,0,0,0,0,28,1024,-1,-1,-1,-1,1,-1,-1,-1,0x0000000000000050,1678,1536,1505,1567,2012,988,988,1500,1500,1500,1500,1500,1500,1500,1500,1500,1500,1500,1500,1500,1500,1500,1500,1500,1500,1500,1500,1500,1500,1500,1500,1500,7.3
2024-05-09,15:09:33.700,0.0,0.0,-53,0.0,0.0,0,0,0,0,0,0,0,,0,0,0,,,0,119,65,-224,86,1024,-1007,-1024,0,0,0,0,28,1024,-1,-1,-1,-1,1,-1,-1,-1,0x0000000000000050,1391,1541,1529,1558,2012,988,988,1500,1500,1500,1500,1500,1500,1500,1500,1500,1500,1500,1500,1500,1500,1500,1500,1500,1500,1500,1500,1500,1500,1500,1500,1500,7.3
2024-05-09,15:09:33.900,0.0,0.0,-50,0.0,0.0,0,0,0,0,0,0,0,,0,0,0,,,0,148,-95,320,199,1024,-1005,-1024,0,0,0,0,28,1024,-1,-1,-1,-1,1,-1,-1,-1,0x0000000000000050,1656,1597,1452,1572,2012,988,988,1500,1500,1500,1500,1500,1500,1500,1500,1500,1500,1500,1500,1500,1500,1500,1500,1500,1500,1500,1500,1500,1500,1500,1500,1500,7.3
2024-05-09,15:09:34.100,0.0,0.0,-50,0.0,0.0,0,0,0,0,0,0,0,,0,0,0,,,0,301,-155,509,343,1024,-1005,-1024,0,0,0,0,28,1024,-1,-1,-1,-1,1,-1,-1,-1,0x0000000000000050,1749,1667,1423,1646,2012,988,988,1500,1500,1500,1500,1500,1500,1500,1500,1500,1500,1500,1500,1500,1500,1500,1500,1500,1500,1500,1500,1500,1500,1500,1500,1500,7.3
2024-05-09,15:09:34.300,0.0,0.0,-50,0.0,0.0,0,0,0,0,0,0,0,,0,0,0,,,0,260,-90,430,274,1024,-1005,-1024,0,0,0,0,28,1024,-1,-1,-1,-1,1,-1,-1,-1,0x0000000000000050,1710,1633,1455,1626,2012,988,988,1500,1500,1500,1500,1500,1500,1500,1500,1500,1500,1500,1500,1500,1500,1500,1500,1500,1500,1500,1500,1500,1500,1500,1500,1500,7.3
2024-05-09,15:09:34.500,0.0,0.0,-59,0.0,0.0,0,0,0,0,0,0,0,,0,0,0,,,0,480,-341,711,687,1024,-1003,-1024,0,0,0,0,28,1024,-1,-1,-1,-1,1,-1,-1,-1,0x0000000000000050,1848,1835,1332,1734,2012,988,988,1500,1500,1500,1500,1500,1500,1500,1500,1500,1500,1500,1500,1500,1500,1500,1500,1500,1500,1500,1500,1500,1500,1500,1500,1500,7.3
2024-05-09,15:09:34.700,0.0,0.0,-61,0.0,0.0,0,0,0,0,0,0,0,,0,0,0,,,0,427,-264,445,550,1024,-1003,-1024,0,0,0,0,28,1024,-1,-1,-1,-1,1,-1,-1,-1,0x0000000000000050,1718,1768,1370,1708,2012,988,988,1500,1500,1500,1500,1500,1500,1500,1500,1500,1500,1500,1500,1500,1500,1500,1500,1500,1500,1500,1500,1500,1500,1500,1500,1500,7.3
2024-05-09,15:09:34.900,0.0,0.0,-65,0.0,0.0,0,0,0,0,0,0,0,,0,0,0,,,0,389,-434,143,526,1024,-1005,-1024,0,0,0,0,28,1024,-1,-1,-1,-1,1,-1,-1,-1,0x0000000000000050,1570,1756,1287,1689,2012,988,988,1500,1500,1500,1500,1500,1500,1500,1500,1500,1500,1500,1500,1500,1500,1500,1500,1500,1500,1500,1500,1500,1500,1500,1500,1500,7.3
2024-05-09,15:09:35.100,0.0,0.0,-63,0.0,0.0,0,0,0,0,0,0,0,,0,0,0,,,0,340,-404,276,457,1024,-1004,-1024,0,0,0,0,28,1024,-1,-1,-1,-1,1,-1,-1,-1,0x0000000000000050,1635,1723,1301,1666,2012,988,988,1500,1500,1500,1500,1500,1500,1500,1500,1500,1500,1500,1500,1500,1500,1500,1500,1500,1500,1500,1500,1500,1500,1500,1500,1500,7.3
2024-05-09,15:09:35.300,0.0,0.0,-66,0.0,0.0,0,0,0,0,0,0,0,,0,0,0,,,0,245,-205,533,195,1024,-1005,-1024,0,0,0,0,26,1024,-1,-1,-1,-1,1,-1,-1,-1,0x0000000000000050,1761,1595,1398,1619,2012,988,988,1500,1500,1500,1500,1500,1500,1500,1500,1500,1500,1500,1500,1500,1500,1500,1500,1500,1500,1500,1500,1500,1500,1500,1500,1500,7.3
2024-05-09,15:09:35.500,0.0,0.0,-66,0.0,0.0,0,0,0,0,0,0,0,,0,0,0,,,0,6,-204,380,4,1024,-1003,-1024,0,0,0,0,28,1024,-1,-1,-1,-1,1,-1,-1,-1,0x0000000000000050,1686,1501,1399,1502,2012,988,988,1500,1500,1500,1500,1500,1500,1500,1500,1500,1500,1500,1500,1500,1500,1500,1500,1500,1500,1500,1500,1500,1500,1500,1500,1500,7.3
2024-05-09,15:09:35.700,0.0,0.0,-68,0.0,0.0,0,0,0,0,0,0,0,,0,0,0,,,0,-88,-224,627,11,1024,-1005,-1024,0,0,0,0,26,1024,-1,-1,-1,-1,1,-1,-1,-1,0x0000000000000050,1807,1505,1390,1457,2012,988,988,1500,1500,1500,1500,1500,1500,1500,1500,1500,1500,1500,1500,1500,1500,1500,1500,1500,1500,1500,1500,1500,1500,1500,1500,1500,7.3
2024-05-09,15:09:35.900,0.0,0.0,-65,0.0,0.0,0,0,0,0,0,0,0,,0,0,0,,,0,-1,-96,395,-14,1024,-1003,-1024,0,0,0,0,28,1024,-1,-1,-1,-1,1,-1,-1,-1,0x0000000000000050,1693,1494,1452,1500,2012,988,988,1500,1500,1500,1500,1500,1500,1500,1500,1500,1500,1500,1500,1500,1500,1500,1500,1500,1500,1500,1500,1500,1500,1500,1500,1500,7.3
2024-05-09,15:09:36.100,0.0,0.0,-65,0.0,0.0,0,0,0,0,0,0,0,,0,0,0,,,0,2,-138,267,-1,1024,-1006,-1024,0,0,0,0,28,1024,-1,-1,-1,-1,1,-1,-1,-1,0x0000000000000050,1630,1500,1431,1500,2012,988,988,1500,1500,1500,1500,1500,1500,1500,1500,1500,1500,1500,1500,1500,1500,1500,1500,1500,1500,1500,1500,1500,1500,1500,1500,1500,7.3
2024-05-09,15:09:36.300,0.0,0.0,-63,0.0,0.0,0,0,0,0,0,0,0,,0,0,0,,,0,25,-120,331,58,1024,-1007,-1024,0,0,0,0,26,1024,-1,-1,-1,-1,1,-1,-1,-1,0x0000000000000050,1663,1532,1438,1512,2012,988,988,1500,1500,1500,1500,1500,1500,1500,1500,1500,1500,1500,1500,1500,1500,1500,1500,1500,1500,1500,1500,1500,1500,1500,1500,1500,7.3
2024-05-09,15:09:36.500,0.0,0.0,-61,0.0,0.0,0,0,0,0,0,0,0,,0,0,0,,,0,84,-62,407,89,1024,-1003,-1024,0,0,0,0,28,1024,-1,-1,-1,-1,1,-1,-1,-1,0x0000000000000050,1699,1543,1468,1541,2012,988,988,1500,1500,1500,1500,1500,1500,1500,1500,1500,1500,1500,1500,1500,1500,1500,1500,1500,1500,1500,1500,1500,1500,1500,1500,1500,7.3
2024-05-09,15:09:36.700,0.0,0.0,-61,0.0,0.0,0,0,0,0,0,0,0,,0,0,0,,,0,39,-224,305,-45,1024,-1004,-1024,0,0,0,0,28,1024,-1,-1,-1,-1,1,-1,-1,-1,0x0000000000000050,1649,1479,1389,1519,2012,988,988,1500,1500,1500,1500,1500,1500,1500,1500,1500,1500,1500,1500,1500,1500,1500,1500,1500,1500,1500,1500,1500,1500,1500,1500,1500,7.3
2024-05-09,15:09:36.900,0.0,0.0,-62,0.0,0.0,0,0,0,0,0,0,0,,0,0,0,,,0,2,-303,271,-110,1024,-1003,-1024,0,0,0,0,28,1024,-1,-1,-1,-1,1,-1,-1,-1,0x0000000000000050,1632,1447,1354,1500,2012,988,988,1500,1500,1500,1500,1500,1500,1500,1500,1500,1500,1500,1500,1500,1500,1500,1500,1500,1500,1500,1500,1500,1500,1500,1500,1500,7.3
2024-05-09,15:09:37.100,0.0,0.0,-62,0.0,0.0,0,0,0,0,0,0,0,,0,0,0,,,0,-11,912,-188,75,1024,-1006,-1024,0,0,0,0,26,1024,-1,-1,-1,-1,1,-1,-1,-1,0x0000000000000050,1408,1536,1943,1495,2012,988,988,1500,1500,1500,1500,1500,1500,1500,1500,1500,1500,1500,1500,1500,1500,1500,1500,1500,1500,1500,1500,1500,1500,1500,1500,1500,7.3
2024-05-09,15:09:37.300,0.0,0.0,-65,0.0,0.0,0,0,0,0,0,0,0,,0,0,0,,,0,0,861,-377,101,1024,-1005,-1024,0,0,0,0,26,1024,-1,-1,-1,-1,1,-1,-1,-1,0x0000000000000050,1316,1549,1918,1500,2012,988,988,1500,1500,1500,1500,1500,1500,1500,1500,1500,1500,1500,1500,1500,1500,1500,1500,1500,1500,1500,1500,1500,1500,1500,1500,1500,7.3
2024-05-09,15:09:37.500,0.0,0.0,-65,0.0,0.0,0,0,0,0,0,0,0,,0,0,0,,,0,79,951,82,65,1024,-1004,-1024,0,0,0,0,26,1024,-1,-1,-1,-1,1,-1,-1,-1,0x0000000000000050,1540,1531,1962,1538,2012,988,988,1500,1500,1500,1500,1500,1500,1500,1500,1500,1500,1500,1500,1500,1500,1500,1500,1500,1500,1500,1500,1500,1500,1500,1500,1500,7.3
2024-05-09,15:09:37.700,0.0,0.0,-67,0.0,0.0,0,0,0,0,0,0,0,,0,0,0,,,0,20,581,458,76,1024,-1003,-1024,0,0,0,0,26,1024,-1,-1,-1,-1,1,-1,-1,-1,0x0000000000000050,1724,1537,1781,1509,2012,988,988,1500,1500,1500,1500,1500,1500,1500,1500,1500,1500,1500,1500,1500,1500,1500,1500,1500,1500,1500,1500,1500,1500,1500,1500,1500,7.3
2024-05-09,15:09:37.900,0.0,0.0,-67,0.0,0.0,0,0,0,0,0,0,0,,0,0,0,,,0,26,401,679,188,1024,-1004,-1024,0,0,0,0,26,1024,-1,-1,-1,-1,1,-1,-1,-1,0x0000000000000050,1832,1591,1693,1512,2012,988,988,1500,1500,1500,1500,1500,1500,1500,1500,1500,1500,1500,1500,1500,1500,1500,1500,1500,1500,1500,1500,1500,1500,1500,1500,1500,7.3
2024-05-09,15:09:38.100,0.0,0.0,-64,0.0,0.0,0,0,0,0,0,0,0,,0,0,0,,,0,51,433,703,102,1024,-1007,-1024,0,0,0,0,28,1024,-1,-1,-1,-1,1,-1,-1,-1,0x0000000000000050,1844,1549,1709,1524,2012,988,988,1500,1500,1500,1500,1500,1500,1500,1500,1500,1500,1500,1500,1500,1500,1500,1500,1500,1500,1500,1500,1500,1500,1500,1500,1500,7.3
2024-05-09,15:09:38.300,0.0,0.0,-67,0.0,0.0,0,0,0,0,0,0,0,,0,0,0,,,0,-1,602,611,-75,1024,-1004,-1024,0,0,0,0,26,1024,-1,-1,-1,-1,1,-1,-1,-1,0x0000000000000050,1799,1464,1791,1500,2012,988,988,1500,1500,1500,1500,1500,1500,1500,1500,1500,1500,1500,1500,1500,1500,1500,1500,1500,1500,1500,1500,1500,1500,1500,1500,1500,7.3
2024-05-09,15:09:38.500,0.0,0.0,-70,0.0,0.0,0,0,0,0,0,0,0,,0,0,0,,,0,-600,546,-94,-838,1024,-1006,-1024,0,0,0,0,26,1024,-1,-1,-1,-1,1,-1,-1,-1,0x0000000000000050,1454,1085,1752,1207,2012,988,988,1500,1500,1500,1500,1500,1500,1500,1500,1500,1500,1500,1500,1500,1500,1500,1500,1500,1500,1500,1500,1500,1500,1500,1500,1500,7.3
2024-05-09,15:09:38.700,0.0,0.0,-67,0.0,0.0,0,0,0,0,0,0,0,,0,0,0,,,0,-410,-11,-69,-642,1024,-1004,-1024,0,0,0,0,28,1024,-1,-1,-1,-1,1,-1,-1,-1,0x0000000000000050,1467,1187,1493,1300,2012,988,988,1500,1500,1500,1500,1500,1500,1500,1500,1500,1500,1500,1500,1500,1500,1500,1500,1500,1500,1500,1500,1500,1500,1500,1500,1500,7.3
2024-05-09,15:09:38.900,0.0,0.0,-63,0.0,0.0,0,0,0,0,0,0,0,,0,0,0,,,0,-315,-143,433,-452,1024,-1003,-1024,0,0,0,0,28,1024,-1,-1,-1,-1,1,-1,-1,-1,0x0000000000000050,1712,1280,1429,1347,2012,988,988,1500,1500,1500,1500,1500,1500,1500,1500,1500,1500,1500,1500,1500,1500,1500,1500,1500,1500,1500,1500,1500,1500,1500,1500,1500,7.3
2024-05-09,15:09:39.100,0.0,0.0,-63,0.0,0.0,0,0,0,0,0,0,0,,0,0,0,,,0,-186,-150,513,-323,1024,-1005,-1024,0,0,0,0,26,1024,-1,-1,-1,-1,1,-1,-1,-1,0x0000000000000050,1751,1343,1424,1410,2012,988,988,1500,1500,1500,1500,1500,1500,1500,1500,1500,1500,1500,1500,1500,1500,1500,1500,1500,1500,1500,1500,1500,1500,1500,1500,1500,7.3
2024-05-09,15:09:39.300,0.0,0.0,-65,0.0,0.0,0,0,0,0,0,0,0,,0,0,0,,,0,61,-104,845,473,1024,-1007,-1024,0,0,0,0,28,1024,-1,-1,-1,-1,1,-1,-1,-1,0x0000000000000050,1914,1730,1448,1529,2012,988,988,1500,1500,1500,1500,1500,1500,1500,1500,1500,1500,1500,1500,1500,1500,1500,1500,1500,1500,1500,1500,1500,1500,1500,1500,1500,7.3
2024-05-09,15:09:39.500,0.0,0.0,-66,0.0,0.0,0,0,0,0,0,0,0,,0,0,0,,,0,431,-241,339,633,1024,-1005,-1024,0,0,0,0,28,1024,-1,-1,-1,-1,1,-1,-1,-1,0x0000000000000050,1666,1809,1381,1710,2012,988,988,1500,1500,1500,1500,1500,1500,1500,1500,1500,1500,1500,1500,1500,1500,1500,1500,1500,1500,1500,1500,1500,1500,1500,1500,1500,7.3
2024-05-09,15:09:39.700,0.0,0.0,-67,0.0,0.0,0,0,0,0,0,0,0,,0,0,0,,,0,367,-353,541,398,1024,-1007,-1024,0,0,0,0,28,1024,-1,-1,-1,-1,1,-1,-1,-1,0x0000000000000050,1765,1693,1326,1677,2012,988,988,1500,1500,1500,1500,1500,1500,1500,1500,1500,1500,1500,1500,1500,1500,1500,1500,1500,1500,1500,1500,1500,1500,1500,1500,1500,7.3
2024-05-09,15:09:39.900,0.0,0.0,-69,0.0,0.0,0,0,0,0,0,0,0,,0,0,0,,,0,300,-441,713,145,1024,-1005,-1024,0,0,0,0,26,1024,-1,-1,-1,-1,1,-1,-1,-1,0x0000000000000050,1849,1570,1283,1646,2012,988,988,1500,1500,1500,1500,1500,1500,1500,1500,1500,1500,1500,1500,1500,1500,1500,1500,1500,1500,1500,1500,1500,1500,1500,1500,1500,7.3
2024-05-09,15:09:40.100,0.0,0.0,-66,0.0,0.0,0,0,0,0,0,0,0,,0,0,0,,,0,2,-274,570,-32,1024,-1007,-1024,0,0,0,0,26,1024,-1,-1,-1,-1,1,-1,-1,-1,0x0000000000000050,1779,1485,1365,1500,2012,988,988,1500,1500,1500,1500,1500,1500,1500,1500,1500,1500,1500,1500,1500,1500,1500,1500,1500,1500,1500,1500,1500,1500,1500,1500,1500,7.3
2024-05-09,15:09:40.300,0.0,0.0,-66,0.0,0.0,0,0,0,0,0,0,0,,0,0,0,,,0,-50,129,108,-216,1024,-1007,-1024,0,0,0,0,26,1024,-1,-1,-1,-1,1,-1,-1,-1,0x0000000000000050,1552,1395,1561,1476,2012,988,988,1500,1500,1500,1500,1500,1500,1500,1500,1500,1500,1500,1500,1500,1500,1500,1500,1500,1500,1500,1500,1500,1500,1500,1500,1500,7.3
2024-05-09,15:09:40.500,0.0,0.0,-68,0.0,0.0,0,0,0,0,0,0,0,,0,0,0,,,0,-130,298,165,-407,1024,-1006,-1024,0,0,0,0,26,1024,-1,-1,-1,-1,1,-1,-1,-1,0x0000000000000050,1580,1302,1643,1437,2012,988,988,1500,1500,1500,1500,1500,1500,1500,1500,1500,1500,1500,1500,1500,1500,1500,1500,1500,1500,1500,1500,1500,1500,1500,1500,1500,7.3
2024-05-09,15:09:40.700,0.0,0.0,-73,0.0,0.0,0,0,0,0,0,0,0,,0,0,0,,,0,-108,153,740,-305,1024,-1004,-1024,0,0,0,0,28,1024,-1,-1,-1,-1,1,-1,-1,-1,0x0000000000000050,1862,1352,1572,1448,2012,988,988,1500,1500,1500,1500,1500,1500,1500,1500,1500,1500,1500,1500,1500,1500,1500,1500,1500,1500,1500,1500,1500,1500,1500,1500,1500,7.3
2024-05-09,15:09:40.900,0.0,0.0,-73,0.0,0.0,0,0,0,0,0,0,0,,0,0,0,,,0,-166,-452,395,-543,1024,-1005,-1024,0,0,0,0,28,1024,-1,-1,-1,-1,1,-1,-1,-1,0x0000000000000050,1693,1235,1278,1419,2012,988,988,1500,1500,1500,1500,1500,1500,1500,1500,1500,1500,1500,1500,1500,1500,1500,1500,1500,1500,1500,1500,1500,1500,1500,1500,1500,7.3
2024-05-09,15:09:41.100,0.0,0.0,-76,0.0,0.0,0,0,0,0,0,0,0,,0,0,0,,,0,-363,-398,269,-515,1024,-1004,-1024,0,0,0,0,28,1024,-1,-1,-1,-1,1,-1,-1,-1,0x0000000000000050,1631,1249,1304,1323,2012,988,988,1500,1500,1500,1500,1500,1500,1500,1500,1500,1500,1500,1500,1500,1500,1500,1500,1500,1500,1500,1500,1500,1500,1500,1500,1500,7.3
2024-05-09,15:09:41.300,0.0,0.0,-77,0.0,0.0,0,0,0,0,0,0,0,,0,0,0,,,0,-394,-507,191,-340,1024,-1006,-1024,0,0,0,0,28,1024,-1,-1,-1,-1,1,-1,-1,-1,0x0000000000000050,1595,1334,1250,1308,2012,988,988,1500,1500,1500,1500,1500,1500,1500,1500,1500,1500,1500,1500,1500,1500,1500,1500,1500,1500,1500,1500,1500,1500,1500,1500,1500,7.3
2024-05-09,15:09:41.500,0.0,0.0,-77,0.0,0.0,0,0,0,0,0,0,0,,0,0,0,,,0,-349,-419,311,-384,1024,-1003,-1024,0,0,0,0,28,1024,-1,-1,-1,-1,1,-1,-1,-1,0x0000000000000050,1652,1313,1294,1330,2012,988,988,1500,1500,1500,1500,1500,1500,1500,1500,1500,1500,1500,1500,1500,1500,1500,1500,1500,1500,1500,1500,1500,1500,1500,1500,1500,7.3
2024-05-09,15:09:41.700,0.0,0.0,-78,0.0,0.0,0,0,0,0,0,0,0,,0,0,0,,,0,-318,-315,506,-294,1024,-1005,-1024,0,0,0,0,28,1024,-1,-1,-1,-1,1,-1,-1,-1,0x0000000000000050,1748,1357,1345,1345,2012,988,988,1500,1500,1500,1500,1500,1500,1500,1500,1500,1500,1500,1500,1500,1500,1500,1500,1500,1500,1500,1500,1500,1500,1500,1500,1500,7.3
2024-05-09,15:09:41.900,0.0,0.0,-75,0.0,0.0,0,0,0,0,0,0,0,,0,0,0,,,0,-229,-272,643,-257,1024,-1004,-1024,0,0,0,0,28,1024,-1,-1,-1,-1,1,-1,-1,-1,0x0000000000000050,1815,1375,1366,1389,2012,988,988,1500,1500,1500,1500,1500,1500,1500,1500,1500,1500,1500,1500,1500,1500,1500,1500,1500,1500,1500,1500,1500,1500,1500,1500,1500,7.3
2024-05-09,15:09:42.100,0.0,0.0,-81,0.0,0.0,0,0,0,0,0,0,0,,0,0,0,,,0,-18,-3,484,393,1024,-1004,-1024,0,0,0,0,28,1024,-1,-1,-1,-1,1,-1,-1,-1,0x0000000000000050,1737,1691,1497,1492,2012,988,988,1500,1500,1500,1500,1500,1500,1500,1500,1500,1500,1500,1500,1500,1500,1500,1500,1500,1500,1500,1500,1500,1500,1500,1500,1500,7.3
2024-05-09,15:09:42.300,0.0,0.0,-83,0.0,0.0,0,0,0,0,0,0,0,,0,0,0,,,0,109,-9,215,304,1024,-1003,-1024,0,0,0,0,28,1024,-1,-1,-1,-1,1,-1,-1,-1,0x0000000000000050,1605,1648,1494,1553,2012,988,988,1500,1500,1500,1500,1500,1500,1500,1500,1500,1500,1500,1500,1500,1500,1500,1500,1500,1500,1500,1500,1500,1500,1500,1500,1500,7.3
2024-05-09,15:09:42.500,0.0,0.0,-83,0.0,0.0,0,0,0,0,0,0,0,,0,0,0,,,0,158,-84,457,82,1024,-1003,-1024,0,0,0,0,28,1024,-1,-1,-1,-1,1,-1,-1,-1,0x0000000000000050,1725,1538,1458,1578,2012,988,988,1500,1500,1500,1500,1500,1500,1500,1500,1500,1500,1500,1500,1500,1500,1500,1500,1500,1500,1500,1500,1500,1500,1500,1500,1500,7.3
2024-05-09,15:09:42.700,0.0,0.0,-83,0.0,0.0,0,0,0,0,0,0,0,,0,0,0,,,0,62,-71,-27,-2,1024,-1006,-1024,0,0,0,0,26,1024,-1,-1,-1,-1,1,-1,-1,-1,0x0000000000000050,1487,1500,1464,1530,2012,988,988,1500,1500,1500,1500,1500,1500,1500,1500,1500,1500,1500,1500,1500,1500,1500,1500,1500,1500,1500,1500,1500,1500,1500,1500,1500,7.3
2024-05-09,15:09:42.900,0.0,0.0,-83,0.0,0.0,0,0,0,0,0,0,0,,0,0,0,,,0,38,-227,244,-85,1024,-1004,-1024,0,0,0,0,28,1024,-1,-1,-1,-1,1,-1,-1,-1,0x0000000000000050,1619,1459,1388,1518,2012,988,988,1500,1500,1500,1500,1500,1500,1500,1500,1500,1500,1500,1500,1500,1500,1500,1500,1500,1500,1500,1500,1500,1500,1500,1500,1500,7.3
2024-05-09,15:09:43.100,0.0,0.0,-79,0.0,0.0,0,0,0,0,0,0,0,,0,0,0,,,0,36,-284,333,254,1024,-1005,-1024,0,0,0,0,28,1024,-1,-1,-1,-1,1,-1,-1,-1,0x0000000000000050,1663,1624,1360,1517,2012,988,988,1500,1500,1500,1500,1500,1500,1500,1500,1500,1500,1500,1500,1500,1500,1500,1500,1500,1500,1500,1500,1500,1500,1500,1500,1500,7.3
2024-05-09,15:09:43.300,0.0,0.0,-77,0.0,0.0,0,0,0,0,0,0,0,,0,0,0,,,0,160,-200,362,273,1024,-1007,-1024,0,0,0,0,28,1024,-1,-1,-1,-1,1,-1,-1,-1,0x0000000000000050,1677,1633,1401,1578,2012,988,988,1500,1500,1500,1500,1500,1500,1500,1500,1500,1500,1500,1500,1500,1500,1500,1500,1500,1500,1500,1500,1500,1500,1500,1500,1500,7.3
2024-05-09,15:09:43.500,0.0,0.0,-72,0.0,0.0,0,0,0,0,0,0,0,,0,0,0,,,0,-93,-1,336,-448,1024,-1005,-1024,0,0,0,0,28,1024,-1,-1,-1,-1,1,-1,-1,-1,0x0000000000000050,1664,1282,1498,1455,2012,988,988,1500,1500,1500,1500,1500,1500,1500,1500,1500,1500,1500,1500,1500,1500,1500,1500,1500,1500,1500,1500,1500,1500,1500,1500,1500,7.3
2024-05-09,15:09:43.700,0.0,0.0,-70,0.0,0.0,0,0,0,0,0,0,0,,0,0,0,,,0,-114,82,194,-213,1024,-1003,-1024,0,0,0,0,28,1024,-1,-1,-1,-1,1,-1,-1,-1,0x0000000000000050,1595,1396,1538,1445,2012,988,988,1500,1500,1500,1500,1500,1500,1500,1500,1500,1500,1500,1500,1500,1500,1500,1500,1500,1500,1500,1500,1500,1500,1500,1500,1500,7.3
2024-05-09,15:09:43.900,0.0,0.0,-70,0.0,0.0,0,0,0,0,0,0,0,,0,0,0,,,0,-278,1,412,-293,1024,-1004,-1024,0,0,0,0,28,1024,-1,-1,-1,-1,1,-1,-1,-1,0x0000000000000050,1701,1357,1499,1365,2012,988,988,1500,1500,1500,1500,1500,1500,1500,1500,1500,1500,1500,1500,1500,1500,1500,1500,1500,1500,1500,1500,1500,1500,1500,1500,1500,7.3
2024-05-09,15:09:44.100,0.0,0.0,-68,0.0,0.0,0,0,0,0,0,0,0,,0,0,0,,,0,-281,234,302,-505,1024,-1004,-1024,0,0,0,0,26,1024,-1,-1,-1,-1,1,-1,-1,-1,0x0000000000000050,1648,1254,1615,1363,2012,988,988,1500,1500,1500,1500,1500,1500,1500,1500,1500,1500,1500,1500,1500,1500,1500,1500,1500,1500,1500,1500,1500,1500,1500,1500,1500,7.3
2024-05-09,15:09:44.300,0.0,0.0,-70,0.0,0.0,0,0,0,0,0,0,0,,0,0,0,,,0,0,40,408,-964,1024,-1004,-1024,0,0,0,0,28,1024,-1,-1,-1,-1,1,-1,-1,-1,0x0000000000000050,1700,1030,1517,1500,2012,988,988,1500,1500,1500,1500,1500,1500,1500,1500,1500,1500,1500,1500,1500,1500,1500,1500,1500,1500,1500,1500,1500,1500,1500,1500,1500,7.3
2024-05-09,15:09:44.500,0.0,0.0,-70,0.0,0.0,0,0,0,0,0,0,0,,0,0,0,,,0,5,-350,229,-713,1024,-1004,-1024,0,0,0,0,28,1024,-1,-1,-1,-1,1,-1,-1,-1,0x0000000000000050,1612,1152,1328,1502,2012,988,988,1500,1500,1500,1500,1500,1500,1500,1500,1500,1500,1500,1500,1500,1500,1500,1500,1500,1500,1500,1500,1500,1500,1500,1500,1500,7.3
2024-05-09,15:09:44.700,0.0,0.0,-70,0.0,0.0,0,0,0,0,0,0,0,,0,0,0,,,0,-2,-204,-210,-381,1024,-1004,-1024,0,0,0,0,28,1024,-1,-1,-1,-1,1,-1,-1,-1,0x0000000000000050,1400,1315,1399,1500,2012,988,988,1500,1500,1500,1500,1500,1500,1500,1500,1500,1500,1500,1500,1500,1500,1500,1500,1500,1500,1500,1500,1500,1500,1500,1500,1500,7.3
2024-05-09,15:09:44.900,0.0,0.0,-64,0.0,0.0,0,0,0,0,0,0,0,,0,0,0,,,0,-69,-3,325,-426,1024,-1005,-1024,0,0,0,0,28,1024,-1,-1,-1,-1,1,-1,-1,-1,0x0000000000000050,1659,1292,1497,1467,2012,988,988,1500,1500,1500,1500,1500,1500,1500,1500,1500,1500,1500,1500,1500,1500,1500,1500,1500,1500,1500,1500,1500,1500,1500,1500,1500,7.3
2024-05-09,15:09:45.100,0.0,0.0,-64,0.0,0.0,0,0,0,0,0,0,0,,0,0,0,,,0,-211,367,359,-243,1024,-1006,-1024,0,0,0,0,28,1024,-1,-1,-1,-1,1,-1,-1,-1,0x0000000000000050,1675,1382,1677,1397,2012,988,988,1500,1500,1500,1500,1500,1500,1500,1500,1500,1500,1500,1500,1500,1500,1500,1500,1500,1500,1500,1500,1500,1500,1500,1500,1500,7.3
2024-05-09,15:09:45.300,0.0,0.0,-66,0.0,0.0,0,0,0,0,0,0,0,,0,0,0,,,0,76,1,505,-393,1024,-1003,-1024,0,0,0,0,28,1024,-1,-1,-1,-1,-1,-1,-1,-1,0x0000000000000040,1746,1311,1499,1519,988,988,988,1500,1500,1500,1500,1500,1500,1500,1500,1500,1500,1500,1500,1500,1500,1500,1500,1500,1500,1500,1500,1500,1500,1500,1500,1500,7.3
2024-05-09,15:09:45.500,0.0,0.0,-66,0.0,0.0,0,0,0,0,0,0,0,,0,0,0,,,0,2,4,508,0,1024,-1003,-1024,0,0,0,0,28,1024,-1,-1,-1,-1,-1,-1,-1,-1,0x0000000000000040,1749,1500,1500,1500,988,988,988,1500,1500,1500,1500,1500,1500,1500,1500,1500,1500,1500,1500,1500,1500,1500,1500,1500,1500,1500,1500,1500,1500,1500,1500,1500,7.3
2024-05-09,15:09:45.700,0.0,0.0,-66,0.0,0.0,0,0,0,0,0,0,0,,0,0,0,,,0,1,3,507,1,1024,-1005,-1024,0,0,0,0,28,1024,-1,-1,-1,-1,-1,-1,-1,-1,0x0000000000000040,1748,1500,1500,1500,988,988,988,1500,1500,1500,1500,1500,1500,1500,1500,1500,1500,1500,1500,1500,1500,1500,1500,1500,1500,1500,1500,1500,1500,1500,1500,1500,7.3
2024-05-09,15:09:45.900,0.0,0.0,-66,0.0,0.0,0,0,0,0,0,0,0,,0,0,0,,,0,3,4,-843,1,1024,-1003,-1024,0,0,0,0,28,1024,-1,-1,-1,-1,-1,-1,-1,-1,0x0000000000000040,1087,1500,1500,1501,988,988,988,1500,1500,1500,1500,1500,1500,1500,1500,1500,1500,1500,1500,1500,1500,1500,1500,1500,1500,1500,1500,1500,1500,1500,1500,1500,7.3
2024-05-09,15:09:46.100,0.0,0.0,-66,0.0,0.0,0,0,0,0,0,0,0,,0,0,0,,,0,3,2,-1022,1,1024,-1003,-1024,0,0,0,0,28,1024,-1,-1,-1,-1,-1,-1,-1,-1,0x0000000000000040,999,1500,1500,1501,988,988,988,1500,1500,1500,1500,1500,1500,1500,1500,1500,1500,1500,1500,1500,1500,1500,1500,1500,1500,1500,1500,1500,1500,1500,1500,1500,7.3
2024-05-09,15:09:46.300,0.0,0.0,-66,0.0,0.0,0,0,0,0,0,0,0,,0,0,0,,,0,3,2,-1020,1,1024,-1005,-1024,0,0,0,0,28,1024,-1,-1,-1,-1,-1,-1,-1,-1,0x0000000000000040,1000,1500,1500,1501,988,988,988,1500,1500,1500,1500,1500,1500,1500,1500,1500,1500,1500,1500,1500,1500,1500,1500,1500,1500,1500,1500,1500,1500,1500,1500,1500,7.3
2024-05-09,15:09:46.500,0.0,0.0,-66,0.0,0.0,0,0,0,0,0,0,0,,0,0,0,,,0,1,3,-1019,0,1024,-1006,-1024,0,0,0,0,28,1024,-1,-1,-1,-1,-1,-1,-1,-1,0x0000000000000040,1001,1500,1500,1500,988,988,988,1500,1500,1500,1500,1500,1500,1500,1500,1500,1500,1500,1500,1500,1500,1500,1500,1500,1500,1500,1500,1500,1500,1500,1500,1500,7.3
2024-05-09,15:09:46.700,0.0,0.0,-66,0.0,0.0,0,0,0,0,0,0,0,,0,0,0,,,0,1,1,-1019,1,1024,-1006,-1024,0,0,0,0,28,1024,-1,-1,-1,-1,-1,-1,-1,-1,0x0000000000000040,1001,1500,1499,1500,988,988,988,1500,1500,1500,1500,1500,1500,1500,1500,1500,1500,1500,1500,1500,1500,1500,1500,1500,1500,1500,1500,1500,1500,1500,1500,1500,7.3
2024-05-09,15:09:46.900,0.0,0.0,-66,0.0,0.0,0,0,0,0,0,0,0,,0,0,0,,,0,2,1,-1020,1,1024,-1007,-1024,0,0,0,0,28,1024,-1,-1,-1,-1,-1,-1,-1,-1,0x0000000000000040,1000,1500,1500,1500,988,988,988,1500,1500,1500,1500,1500,1500,1500,1500,1500,1500,1500,1500,1500,1500,1500,1500,1500,1500,1500,1500,1500,1500,1500,1500,1500,7.3
2024-05-09,15:09:47.100,0.0,0.0,-18,0.0,0.0,0,0,0,0,0,0,0,,0,0,0,,,0,1,1,-1021,1,1024,-1002,-1024,0,0,0,0,28,1024,-1,-1,-1,-1,-1,-1,-1,-1,0x0000000000000040,1000,1500,1499,1500,988,988,988,1500,1500,1500,1500,1500,1500,1500,1500,1500,1500,1500,1500,1500,1500,1500,1500,1500,1500,1500,1500,1500,1500,1500,1500,1500,7.3
2024-05-09,15:09:47.300,0.0,0.0,-18,0.0,0.0,0,0,0,0,0,0,0,,0,0,0,,,0,1,1,-1020,2,1024,-1002,-1024,0,0,0,0,28,1024,-1,-1,-1,-1,-1,-1,-1,-1,0x0000000000000040,1000,1500,1499,1500,988,988,988,1500,1500,1500,1500,1500,1500,1500,1500,1500,1500,1500,1500,1500,1500,1500,1500,1500,1500,1500,1500,1500,1500,1500,1500,1500,7.3
2024-05-09,15:09:47.500,0.0,0.0,-36,0.0,0.0,0,0,0,0,0,0,0,,0,0,0,,,0,2,1,-1019,1,1024,-1003,-1024,0,0,0,0,28,1024,-1,-1,-1,-1,-1,-1,-1,-1,0x0000000000000040,1001,1500,1499,1500,988,988,988,1500,1500,1500,1500,1500,1500,1500,1500,1500,1500,1500,1500,1500,1500,1500,1500,1500,1500,1500,1500,1500,1500,1500,1500,1500,7.3
2024-05-09,15:09:47.700,0.0,0.0,-49,0.0,0.0,0,0,0,0,0,0,0,,0,0,0,,,0,2,0,-1020,1,1024,-1003,-1024,0,0,0,0,28,1024,-1,-1,-1,-1,-1,-1,-1,-1,0x0000000000000040,1000,1500,1499,1500,988,988,988,1500,1500,1500,1500,1500,1500,1500,1500,1500,1500,1500,1500,1500,1500,1500,1500,1500,1500,1500,1500,1500,1500,1500,1500,1500,7.3
2024-05-09,15:09:47.900,0.0,0.0,-49,0.0,0.0,0,0,0,0,0,0,0,,0,0,0,,,0,2,1,-1020,1,1024,-1007,-1024,0,0,0,0,28,1024,-1,-1,-1,-1,-1,-1,-1,-1,0x0000000000000040,1000,1500,1499,1500,988,988,988,1500,1500,1500,1500,1500,1500,1500,1500,1500,1500,1500,1500,1500,1500,1500,1500,1500,1500,1500,1500,1500,1500,1500,1500,1500,7.3
2024-05-09,15:09:48.100,0.0,0.0,-53,0.0,0.0,0,0,0,0,0,0,0,,0,0,0,,,0,0,1,-1021,0,1024,-1004,-1024,0,0,0,0,26,1024,-1,-1,-1,-1,-1,-1,-1,-1,0x0000000000000040,1000,1500,1499,1500,988,988,988,1500,1500,1500,1500,1500,1500,1500,1500,1500,1500,1500,1500,1500,1500,1500,1500,1500,1500,1500,1500,1500,1500,1500,1500,1500,7.3
2024-05-09,15:09:48.300,0.0,0.0,-59,0.0,0.0,0,0,0,0,0,0,0,,0,0,0,,,0,2,0,-1021,2,1024,-1003,-1024,0,0,0,0,28,1024,-1,-1,-1,-1,-1,-1,-1,-1,0x0000000000000040,1000,1500,1499,1500,988,988,988,1500,1500,1500,1500,1500,1500,1500,1500,1500,1500,1500,1500,1500,1500,1500,1500,1500,1500,1500,1500,1500,1500,1500,1500,1500,7.3
2024-05-09,15:09:48.500,0.0,0.0,-65,0.0,0.0,0,0,0,0,0,0,0,,0,0,0,,,0,1,0,-1019,1,1024,-1005,-1024,0,0,0,0,26,1024,-1,-1,-1,-1,-1,-1,-1,-1,0x0000000000000040,1001,1500,1499,1500,988,988,988,1500,1500,1500,1500,1500,1500,1500,1500,1500,1500,1500,1500,1500,1500,1500,1500,1500,1500,1500,1500,1500,1500,1500,1500,1500,7.3
2024-05-09,15:09:48.700,0.0,0.0,-67,0.0,0.0,0,0,0,0,0,0,0,,0,0,0,,,0,1,0,-1020,1,1024,-1003,-1024,0,0,0,0,28,1024,-1,-1,-1,-1,-1,-1,-1,-1,0x0000000000000040,1000,1500,1499,1500,988,988,988,1500,1500,1500,1500,1500,1500,1500,1500,1500,1500,1500,1500,1500,1500,1500,1500,1500,1500,1500,1500,1500,1500,1500,1500,1500,7.3
2024-05-09,15:09:48.900,0.0,0.0,-69,0.0,0.0,0,0,0,0,0,0,0,,0,0,0,,,0,2,1,-1019,1,1024,-1005,-1024,0,0,0,0,28,1024,-1,-1,-1,-1,-1,-1,-1,-1,0x0000000000000040,1001,1500,1499,1500,988,988,988,1500,1500,1500,1500,1500,1500,1500,1500,1500,1500,1500,1500,1500,1500,1500,1500,1500,1500,1500,1500,1500,1500,1500,1500,1500,7.3
2024-05-09,15:09:49.100,0.0,0.0,-69,0.0,0.0,0,0,0,0,0,0,0,,0,0,0,,,0,0,2,-1021,1,1024,-1003,-1024,0,0,0,0,28,1024,-1,-1,-1,-1,-1,-1,-1,-1,0x0000000000000040,1000,1500,1499,1500,988,988,988,1500,1500,1500,1500,1500,1500,1500,1500,1500,1500,1500,1500,1500,1500,1500,1500,1500,1500,1500,1500,1500,1500,1500,1500,1500,7.3
2024-05-09,15:09:49.300,0.0,0.0,-69,0.0,0.0,0,0,0,0,0,0,0,,0,0,0,,,0,2,2,-1020,2,1024,-1003,-1024,0,0,0,0,28,1024,-1,-1,-1,-1,-1,-1,-1,-1,0x0000000000000040,1000,1500,1500,1500,988,988,988,1500,1500,1500,1500,1500,1500,1500,1500,1500,1500,1500,1500,1500,1500,1500,1500,1500,1500,1500,1500,1500,1500,1500,1500,1500,7.3
2024-05-09,15:09:49.500,0.0,0.0,-73,0.0,0.0,0,0,0,0,0,0,0,,0,0,0,,,0,1,1,-1020,1,1024,-1007,-1024,0,0,0,0,28,1024,-1,-1,-1,-1,-1,-1,-1,-1,0x0000000000000040,1000,1500,1499,1500,988,988,988,1500,1500,1500,1500,1500,1500,1500,1500,1500,1500,1500,1500,1500,1500,1500,1500,1500,1500,1500,1500,1500,1500,1500,1500,1500,7.3
2024-05-09,15:09:49.700,0.0,0.0,-73,0.0,0.0,0,0,0,0,0,0,0,,0,0,0,,,0,3,0,-1021,1,1024,-1005,-1024,0,0,0,0,28,1024,-1,-1,-1,-1,-1,-1,-1,-1,0x0000000000000040,1000,1500,1499,1500,988,988,988,1500,1500,1500,1500,1500,1500,1500,1500,1500,1500,1500,1500,1500,1500,1500,1500,1500,1500,1500,1500,1500,1500,1500,1500,1500,7.3
2024-05-09,15:09:49.900,0.0,0.0,-73,0.0,0.0,0,0,0,0,0,0,0,,0,0,0,,,0,1,2,-1022,1,1024,-1004,-1024,0,0,0,0,28,1024,-1,-1,-1,-1,-1,-1,-1,-1,0x0000000000000040,999,1500,1500,1500,988,988,988,1500,1500,1500,1500,1500,1500,1500,1500,1500,1500,1500,1500,1500,1500,1500,1500,1500,1500,1500,1500,1500,1500,1500,1500,1500,7.3
2024-05-09,15:09:50.100,0.0,0.0,-74,0.0,0.0,0,0,0,0,0,0,0,,0,0,0,,,0,1,1,-1021,1,1024,-1003,-1024,0,0,0,0,28,1024,-1,-1,-1,-1,-1,-1,-1,-1,0x0000000000000040,1000,1500,1499,1500,988,988,988,1500,1500,1500,1500,1500,1500,1500,1500,1500,1500,1500,1500,1500,1500,1500,1500,1500,1500,1500,1500,1500,1500,1500,1500,1500,7.3
2024-05-09,15:09:50.300,0.0,0.0,-74,0.0,0.0,0,0,0,0,0,0,0,,0,0,0,,,0,2,0,-1019,0,1024,-1006,-1024,0,0,0,0,28,1024,-1,-1,-1,-1,-1,-1,-1,-1,0x0000000000000040,1001,1500,1499,1500,988,988,988,1500,1500,1500,1500,1500,1500,1500,1500,1500,1500,1500,1500,1500,1500,1500,1500,1500,1500,1500,1500,1500,1500,1500,1500,1500,7.3
2024-05-09,15:09:50.500,0.0,0.0,-76,0.0,0.0,0,0,0,0,0,0,0,,0,0,0,,,0,3,1,-1019,0,1024,-1005,-1024,0,0,0,0,28,1024,-1,-1,-1,-1,-1,-1,-1,-1,0x0000000000000040,1001,1500,1499,1501,988,988,988,1500,1500,1500,1500,1500,1500,1500,1500,1500,1500,1500,1500,1500,1500,1500,1500,1500,1500,1500,1500,1500,1500,1500,1500,1500,7.3
2024-05-09,15:09:50.700,0.0,0.0,-75,0.0,0.0,0,0,0,0,0,0,0,,0,0,0,,,0,1,1,-1020,1,1024,-1006,-1024,0,0,0,0,28,1024,-1,-1,-1,-1,-1,-1,-1,-1,0x0000000000000040,1000,1500,1499,1501,988,988,988,1500,1500,1500,1500,1500,1500,1500,1500,1500,1500,1500,1500,1500,1500,1500,1500,1500,1500,1500,1500,1500,1500,1500,1500,1500,7.3
2024-05-09,15:09:50.900,0.0,0.0,-73,0.0,0.0,0,0,0,0,0,0,0,,0,0,0,,,0,1,1,-1019,2,1024,-1007,-1024,0,0,0,0,28,1024,-1,-1,-1,-1,-1,-1,-1,-1,0x0000000000000060,1001,1500,1499,1500,988,988,988,1500,1500,1500,1500,1500,1500,1500,1500,1500,1500,1500,1500,1500,1500,1500,1500,1500,1500,1500,1500,1500,1500,1500,1500,1500,7.3
